datetime,sig
2021-01-07 00:00:00,0.30398989
2021-01-07 00:12:00,0.313900213
2021-01-07 00:24:00,0.236951549
2021-01-07 00:36:00,0.240697716
2021-01-07 00:48:00,0.22415965
2021-01-07 01:00:00,0.227118247
2021-01-07 01:12:00,0.231287119
2021-01-07 01:24:00,0.230583075
2021-01-07 01:36:00,0.232548912
2021-01-07 01:48:00,0.240112384
2021-01-07 02:00:00,0.252424101
2021-01-07 02:12:00,0.241431594
2021-01-07 02:24:00,0.237930366
2021-01-07 02:36:00,0.233016839
2021-01-07 02:48:00,0.226446786
2021-01-07 03:00:00,0.225964597
2021-01-07 03:12:00,0.218586716
2021-01-07 03:24:00,0.226877882
2021-01-07 03:36:00,0.219215395
2021-01-07 03:48:00,0.213783257
2021-01-07 04:00:00,0.217855537
2021-01-07 04:12:00,0.225666936
2021-01-07 04:24:00,0.222645995
2021-01-07 04:36:00,0.22281611
2021-01-07 04:48:00,0.225287378
2021-01-07 05:00:00,0.219656641
2021-01-07 05:12:00,0.211579151
2021-01-07 05:24:00,0.213235775
2021-01-07 05:36:00,0.227520077
2021-01-07 05:48:00,0.226874607
2021-01-07 06:00:00,0.22242758
2021-01-07 06:12:00,0.21343383
2021-01-07 06:24:00,0.204333282
2021-01-07 06:36:00,0.210248831
2021-01-07 06:48:00,0.204666306
2021-01-07 07:00:00,0.212475382
2021-01-07 07:12:00,0.210865357
2021-01-07 07:24:00,0.222837959
2021-01-07 07:36:00,0.218463415
2021-01-07 07:48:00,0.216325812
2021-01-07 08:00:00,0.216095982
2021-01-07 08:12:00,0.231308912
2021-01-07 08:24:00,0.212280361
2021-01-07 08:36:00,0.219461635
2021-01-07 08:48:00,0.220706743
2021-01-07 09:00:00,0.22596507
2021-01-07 09:12:00,0.219240861
2021-01-07 09:24:00,0.222641509
2021-01-07 09:36:00,0.271186852
2021-01-07 09:48:00,0.297350436
2021-01-07 10:00:00,0.233556895
2021-01-07 10:12:00,0.226294443
2021-01-07 10:24:00,0.238501605
2021-01-07 10:36:00,0.249304747
2021-01-07 10:48:00,0.281327756
2021-01-07 11:00:00,0.230272756
2021-01-07 11:12:00,0.22862704
2021-01-07 11:24:00,0.226649364
2021-01-07 11:36:00,0.247906051
2021-01-07 11:48:00,0.274110658
2021-01-07 12:00:00,0.335681057
2021-01-07 12:12:00,0.347805592
2021-01-07 12:24:00,0.369109873
2021-01-07 12:36:00,0.398271999
2021-01-07 12:48:00,0.464605102
2021-01-07 13:00:00,0.421358517
2021-01-07 13:12:00,0.409834445
2021-01-07 13:24:00,0.405645235
2021-01-07 13:36:00,0.499725559
2021-01-07 13:48:00,0.385331562
2021-01-07 14:00:00,0.373990633
2021-01-07 14:12:00,0.326765112
2021-01-07 14:24:00,0.32703931
2021-01-07 14:36:00,0.32067033
2021-01-07 14:48:00,0.317527975
2021-01-07 15:00:00,0.323113917
2021-01-07 15:12:00,0.290060513
2021-01-07 15:24:00,0.308805866
2021-01-07 15:36:00,0.285329689
2021-01-07 15:48:00,0.313921075
2021-01-07 16:00:00,0.306151546
2021-01-07 16:12:00,0.282582074
2021-01-07 16:24:00,0.279622773
2021-01-07 16:36:00,0.285531913
2021-01-07 16:48:00,0.294143694
2021-01-07 17:00:00,0.31755832
2021-01-07 17:12:00,0.280029359
2021-01-07 17:24:00,0.263861305
2021-01-07 17:36:00,0.275775848
2021-01-07 17:48:00,0.319214992
2021-01-07 18:00:00,0.260057952
2021-01-07 18:12:00,0.256573791
2021-01-07 18:24:00,0.465932478
2021-01-07 18:36:00,0.310317904
2021-01-07 18:48:00,0.279057551
2021-01-07 19:00:00,0.337166778
2021-01-07 19:12:00,0.288829868
2021-01-07 19:24:00,0.275654053
2021-01-07 19:36:00,0.273741489
2021-01-07 19:48:00,0.252859072
2021-01-07 20:00:00,0.259242593
2021-01-07 20:12:00,0.251541557
2021-01-07 20:24:00,0.24727526
2021-01-07 20:36:00,0.26292033
2021-01-07 20:48:00,0.244487988
2021-01-07 21:00:00,0.241336612
2021-01-07 21:12:00,0.251723688
2021-01-07 21:24:00,0.246375179
2021-01-07 21:36:00,0.288484974
2021-01-07 21:48:00,0.267116889
2021-01-07 22:00:00,0.288740117
2021-01-07 22:12:00,0.308704885
2021-01-07 22:24:00,0.2566222
2021-01-07 22:36:00,0.301485759
2021-01-07 22:48:00,0.263056074
2021-01-07 23:00:00,0.286024899
2021-01-07 23:12:00,0.270018924
2021-01-07 23:24:00,0.300088119
2021-01-07 23:36:00,0.290484601
2021-01-07 23:48:00,0.326646119
2021-01-08 00:00:00,0.266644702
2021-01-08 00:12:00,0.246331843
2021-01-08 00:24:00,0.240151545
2021-01-08 00:36:00,0.247543943
2021-01-08 00:48:00,0.241313492
2021-01-08 01:00:00,0.234418028
2021-01-08 01:12:00,0.235829781
2021-01-08 01:24:00,0.228930687
2021-01-08 01:36:00,0.225942162
2021-01-08 01:48:00,0.224338947
2021-01-08 02:00:00,0.225382656
2021-01-08 02:12:00,0.235670006
2021-01-08 02:24:00,0.22831702
2021-01-08 02:36:00,0.223913928
2021-01-08 02:48:00,0.223686446
2021-01-08 03:00:00,0.22924159
2021-01-08 03:12:00,0.220680769
2021-01-08 03:24:00,0.217968393
2021-01-08 03:36:00,0.212348613
2021-01-08 03:48:00,0.214434618
2021-01-08 04:00:00,0.213594315
2021-01-08 04:12:00,0.215617786
2021-01-08 04:24:00,0.220467836
2021-01-08 04:36:00,0.209912409
2021-01-08 04:48:00,0.208922699
2021-01-08 05:00:00,0.209377895
2021-01-08 05:12:00,0.209436389
2021-01-08 05:24:00,0.202918521
2021-01-08 05:36:00,0.20929888
2021-01-08 05:48:00,0.210700229
2021-01-08 06:00:00,0.212710626
2021-01-08 06:12:00,0.209999703
2021-01-08 06:24:00,0.210687975
2021-01-08 06:36:00,0.218654233
2021-01-08 06:48:00,0.212264956
2021-01-08 07:00:00,0.217197594
2021-01-08 07:12:00,0.216434404
2021-01-08 07:24:00,0.219925079
2021-01-08 07:36:00,0.213605812
2021-01-08 07:48:00,0.214674427
2021-01-08 08:00:00,0.21867128
2021-01-08 08:12:00,0.227432009
2021-01-08 08:24:00,0.228803781
2021-01-08 08:36:00,0.249008394
2021-01-08 08:48:00,0.264784316
2021-01-08 09:00:00,0.256648656
2021-01-08 09:12:00,0.250470793
2021-01-08 09:24:00,0.251814178
2021-01-08 09:36:00,0.250929926
2021-01-08 09:48:00,0.221467125
2021-01-08 10:00:00,0.225522149
2021-01-08 10:12:00,0.235174494
2021-01-08 10:24:00,0.233647691
2021-01-08 10:36:00,0.25641203
2021-01-08 10:48:00,0.26702332
2021-01-08 11:00:00,0.257300799
2021-01-08 11:12:00,0.243850247
2021-01-08 11:24:00,0.256149456
2021-01-08 11:36:00,0.269498651
2021-01-08 11:48:00,0.28187525
2021-01-08 12:00:00,0.321046606
2021-01-08 12:12:00,0.342742323
2021-01-08 12:24:00,0.365879497
2021-01-08 12:36:00,0.379479829
2021-01-08 12:48:00,0.390486936
2021-01-08 13:00:00,0.400250392
2021-01-08 13:12:00,0.434210805
2021-01-08 13:24:00,0.411558953
2021-01-08 13:36:00,0.368074188
2021-01-08 13:48:00,0.339841973
2021-01-08 14:00:00,0.329876646
2021-01-08 14:12:00,0.3244476
2021-01-08 14:24:00,0.318939843
2021-01-08 14:36:00,0.30452178
2021-01-08 14:48:00,0.302304863
2021-01-08 15:00:00,0.293581421
2021-01-08 15:12:00,0.292480035
2021-01-08 15:24:00,0.284261665
2021-01-08 15:36:00,0.276549732
2021-01-08 15:48:00,0.277590305
2021-01-08 16:00:00,0.269678638
2021-01-08 16:12:00,0.265132345
2021-01-08 16:24:00,0.270270072
2021-01-08 16:36:00,0.258132342
2021-01-08 16:48:00,0.250714346
2021-01-08 17:00:00,0.25375782
2021-01-08 17:12:00,0.244277727
2021-01-08 17:24:00,0.258151508
2021-01-08 17:36:00,0.230132918
2021-01-08 17:48:00,0.229888571
2021-01-08 18:00:00,0.233655601
2021-01-08 18:12:00,0.242958519
2021-01-08 18:24:00,0.312732039
2021-01-08 18:36:00,0.363306564
2021-01-08 18:48:00,0.33
2021-01-08 19:00:00,0.33
2021-01-08 19:12:00,0.329064012
2021-01-08 19:24:00,0.242550365
2021-01-08 19:36:00,0.256869762
2021-01-08 19:48:00,0.268894398
2021-01-08 20:00:00,0.274273386
2021-01-08 20:12:00,0.27352092
2021-01-08 20:24:00,0.286871336
2021-01-08 20:36:00,0.268188517
2021-01-08 20:48:00,0.255269348
2021-01-08 21:00:00,0.253497373
2021-01-08 21:12:00,0.248554569
2021-01-08 21:24:00,0.254083939
2021-01-08 21:36:00,0.265727117
2021-01-08 21:48:00,0.259091477
2021-01-08 22:00:00,0.382488935
2021-01-08 22:12:00,0.416861292
2021-01-08 22:24:00,0.273152242
2021-01-08 22:36:00,0.270506448
2021-01-08 22:48:00,0.277923107
2021-01-08 23:00:00,0.32110339
2021-01-08 23:12:00,0.253924543
2021-01-08 23:24:00,0.254232527
2021-01-08 23:36:00,0.250894169
2021-01-08 23:48:00,0.240629367
2021-01-09 00:00:00,0.239301648
2021-01-09 00:12:00,0.232054716
2021-01-09 00:24:00,0.234024008
2021-01-09 00:36:00,0.229555837
2021-01-09 00:48:00,0.232398077
2021-01-09 01:00:00,0.229108797
2021-01-09 01:12:00,0.234872091
2021-01-09 01:24:00,0.236813994
2021-01-09 01:36:00,0.232638386
2021-01-09 01:48:00,0.230038915
2021-01-09 02:00:00,0.230812665
2021-01-09 02:12:00,0.227792547
2021-01-09 02:24:00,0.220614197
2021-01-09 02:36:00,0.223174476
2021-01-09 02:48:00,0.224461342
2021-01-09 03:00:00,0.228268126
2021-01-09 03:12:00,0.22743679
2021-01-09 03:24:00,0.225079265
2021-01-09 03:36:00,0.220309884
2021-01-09 03:48:00,0.23323643
2021-01-09 04:00:00,0.233261866
2021-01-09 04:12:00,0.233522339
2021-01-09 04:24:00,0.236262225
2021-01-09 04:36:00,0.217516947
2021-01-09 04:48:00,0.207914042
2021-01-09 05:00:00,0.215387353
2021-01-09 05:12:00,0.221877797
2021-01-09 05:24:00,0.215445345
2021-01-09 05:36:00,0.209516513
2021-01-09 05:48:00,0.218241821
2021-01-09 06:00:00,0.213418908
2021-01-09 06:12:00,0.211020982
2021-01-09 06:24:00,0.212304914
2021-01-09 06:36:00,0.213466908
2021-01-09 06:48:00,0.216051285
2021-01-09 07:00:00,0.239650261
2021-01-09 07:12:00,0.240323218
2021-01-09 07:24:00,0.218145346
2021-01-09 07:36:00,0.220327143
2021-01-09 07:48:00,0.230833514
2021-01-09 08:00:00,0.223238687
2021-01-09 08:12:00,0.210375377
2021-01-09 08:24:00,0.232417762
2021-01-09 08:36:00,0.224066244
2021-01-09 08:48:00,0.227557299
2021-01-09 09:00:00,0.245138699
2021-01-09 09:12:00,0.253111084
2021-01-09 09:24:00,0.230453638
2021-01-09 09:36:00,0.309945961
2021-01-09 09:48:00,0.285648773
2021-01-09 10:00:00,0.325399739
2021-01-09 10:12:00,0.300817211
2021-01-09 10:24:00,0.279336394
2021-01-09 10:36:00,0.246888424
2021-01-09 10:48:00,0.265771702
2021-01-09 11:00:00,0.263776913
2021-01-09 11:12:00,0.352470432
2021-01-09 11:24:00,0.389982597
2021-01-09 11:36:00,0.276692588
2021-01-09 11:48:00,0.289683737
2021-01-09 12:00:00,0.365890863
2021-01-09 12:12:00,0.386405756
2021-01-09 12:24:00,0.429402815
2021-01-09 12:36:00,0.429788552
2021-01-09 12:48:00,0.455051431
2021-01-09 13:00:00,0.463761286
2021-01-09 13:12:00,0.525034669
2021-01-09 13:24:00,0.455533651
2021-01-09 13:36:00,0.466418759
2021-01-09 13:48:00,0.434901924
2021-01-09 14:00:00,0.366252461
2021-01-09 14:12:00,0.344597064
2021-01-09 14:24:00,0.333850489
2021-01-09 14:36:00,0.3393464
2021-01-09 14:48:00,0.320185115
2021-01-09 15:00:00,0.316968754
2021-01-09 15:12:00,0.322203454
2021-01-09 15:24:00,0.324473196
2021-01-09 15:36:00,0.324565349
2021-01-09 15:48:00,0.313497694
2021-01-09 16:00:00,0.311684574
2021-01-09 16:12:00,0.342238824
2021-01-09 16:24:00,0.335412908
2021-01-09 16:36:00,0.317917289
2021-01-09 16:48:00,0.313605533
2021-01-09 17:00:00,0.358317808
2021-01-09 17:12:00,0.304488661
2021-01-09 17:24:00,0.311784925
2021-01-09 17:36:00,0.294286994
2021-01-09 17:48:00,0.418640317
2021-01-09 18:00:00,0.651622659
2021-01-09 18:12:00,0.363981432
2021-01-09 18:24:00,0.450880239
2021-01-09 18:36:00,0.337381554
2021-01-09 18:48:00,0.337120603
2021-01-09 19:00:00,0.268896584
2021-01-09 19:12:00,0.316458607
2021-01-09 19:24:00,0.340929457
2021-01-09 19:36:00,0.30513638
2021-01-09 19:48:00,0.334331578
2021-01-09 20:00:00,0.36644663
2021-01-09 20:12:00,0.324672991
2021-01-09 20:24:00,0.573726941
2021-01-09 20:36:00,0.298335153
2021-01-09 20:48:00,0.256389096
2021-01-09 21:00:00,0.294950027
2021-01-09 21:12:00,0.26887515
2021-01-09 21:24:00,0.283309534
2021-01-09 21:36:00,0.256038654
2021-01-09 21:48:00,0.269230267
2021-01-09 22:00:00,0.312519623
2021-01-09 22:12:00,0.390333575
2021-01-09 22:24:00,0.288659164
2021-01-09 22:36:00,0.249170868
2021-01-09 22:48:00,0.289820799
2021-01-09 23:00:00,0.261122021
2021-01-09 23:12:00,0.513689653
2021-01-09 23:24:00,0.282374169
2021-01-09 23:36:00,0.256231323
2021-01-09 23:48:00,0.256842433
2021-01-10 00:00:00,0.257048128
2021-01-10 00:12:00,0.262623743
2021-01-10 00:24:00,0.253457871
2021-01-10 00:36:00,0.25841939
2021-01-10 00:48:00,0.266293327
2021-01-10 01:00:00,0.263969449
2021-01-10 01:12:00,0.283141253
2021-01-10 01:24:00,0.270084519
2021-01-10 01:36:00,0.28720402
2021-01-10 01:48:00,0.272219002
2021-01-10 02:00:00,0.27715853
2021-01-10 02:12:00,0.270929694
2021-01-10 02:24:00,0.268108229
2021-01-10 02:36:00,0.266223879
2021-01-10 02:48:00,0.273991474
2021-01-10 03:00:00,0.273337901
2021-01-10 03:12:00,0.269350062
2021-01-10 03:24:00,0.2658162
2021-01-10 03:36:00,0.261055341
2021-01-10 03:48:00,0.267879937
2021-01-10 04:00:00,0.26718362
2021-01-10 04:12:00,0.269014737
2021-01-10 04:24:00,0.272941377
2021-01-10 04:36:00,0.27110769
2021-01-10 04:48:00,0.26663829
2021-01-10 05:00:00,0.262627354
2021-01-10 05:12:00,0.269414075
2021-01-10 05:24:00,0.279429071
2021-01-10 05:36:00,0.272076863
2021-01-10 05:48:00,0.258656637
2021-01-10 06:00:00,0.254978466
2021-01-10 06:12:00,0.261450675
2021-01-10 06:24:00,0.263862638
2021-01-10 06:36:00,0.257533424
2021-01-10 06:48:00,0.255578013
2021-01-10 07:00:00,0.280780782
2021-01-10 07:12:00,0.265318431
2021-01-10 07:24:00,0.262835488
2021-01-10 07:36:00,0.29469366
2021-01-10 07:48:00,0.283056819
2021-01-10 08:00:00,0.273566341
2021-01-10 08:12:00,0.353214886
2021-01-10 08:24:00,0.311430105
2021-01-10 08:36:00,0.307318831
2021-01-10 08:48:00,0.39567228
2021-01-10 09:00:00,0.348262789
2021-01-10 09:12:00,0.300961132
2021-01-10 09:24:00,0.289138938
2021-01-10 09:36:00,0.297874716
2021-01-10 09:48:00,0.324030486
2021-01-10 10:00:00,0.283025177
2021-01-10 10:12:00,0.412035455
2021-01-10 10:24:00,0.405448432
2021-01-10 10:36:00,0.291887122
2021-01-10 10:48:00,0.301307952
2021-01-10 11:00:00,0.298035596
2021-01-10 11:12:00,0.302175743
2021-01-10 11:24:00,0.325584844
2021-01-10 11:36:00,0.30300062
2021-01-10 11:48:00,0.333458566
2021-01-10 12:00:00,0.354277327
2021-01-10 12:12:00,0.416704496
2021-01-10 12:24:00,0.433241919
2021-01-10 12:36:00,0.438347
2021-01-10 12:48:00,0.496143742
2021-01-10 13:00:00,0.484440984
2021-01-10 13:12:00,0.443967918
2021-01-10 13:24:00,0.437507733
2021-01-10 13:36:00,0.418649593
2021-01-10 13:48:00,0.393424184
2021-01-10 14:00:00,0.381043947
2021-01-10 14:12:00,0.397692934
2021-01-10 14:24:00,0.370704669
2021-01-10 14:36:00,0.342835637
2021-01-10 14:48:00,0.329316616
2021-01-10 15:00:00,0.335898459
2021-01-10 15:12:00,0.324480468
2021-01-10 15:24:00,0.303002884
2021-01-10 15:36:00,0.313871724
2021-01-10 15:48:00,0.292587277
2021-01-10 16:00:00,0.297711663
2021-01-10 16:12:00,0.283813898
2021-01-10 16:24:00,0.30380339
2021-01-10 16:36:00,0.274625771
2021-01-10 16:48:00,0.254673515
2021-01-10 17:00:00,0.266860566
2021-01-10 17:12:00,0.26987064
2021-01-10 17:24:00,0.283026014
2021-01-10 17:36:00,0.272509123
2021-01-10 17:48:00,0.276465042
2021-01-10 18:00:00,0.268338462
2021-01-10 18:12:00,0.26927648
2021-01-10 18:24:00,0.248743503
2021-01-10 18:36:00,0.248972613
2021-01-10 18:48:00,0.242391204
2021-01-10 19:00:00,0.269218835
2021-01-10 19:12:00,0.255756557
2021-01-10 19:24:00,0.254991922
2021-01-10 19:36:00,0.283460195
2021-01-10 19:48:00,0.252455629
2021-01-10 20:00:00,0.2606645
2021-01-10 20:12:00,0.387937402
2021-01-10 20:24:00,0.250527169
2021-01-10 20:36:00,0.273010627
2021-01-10 20:48:00,0.269504182
2021-01-10 21:00:00,0.254862001
2021-01-10 21:12:00,0.263732685
2021-01-10 21:24:00,0.323561899
2021-01-10 21:36:00,0.303459978
2021-01-10 21:48:00,0.269122519
2021-01-10 22:00:00,0.283490307
2021-01-10 22:12:00,0.282422662
2021-01-10 22:24:00,0.310786527
2021-01-10 22:36:00,0.268422926
2021-01-10 22:48:00,0.266141091
2021-01-10 23:00:00,0.274313972
2021-01-10 23:12:00,0.317337378
2021-01-10 23:24:00,0.285448103
2021-01-10 23:36:00,0.268970433
2021-01-10 23:48:00,0.260935657
2021-01-11 00:00:00,0.261822801
2021-01-11 00:12:00,0.259346982
2021-01-11 00:24:00,0.27717988
2021-01-11 00:36:00,0.266481859
2021-01-11 00:48:00,0.27171171
2021-01-11 01:00:00,0.260166327
2021-01-11 01:12:00,0.26194307
2021-01-11 01:24:00,0.264736664
2021-01-11 01:36:00,0.266739392
2021-01-11 01:48:00,0.261086918
2021-01-11 02:00:00,0.252541575
2021-01-11 02:12:00,0.258478927
2021-01-11 02:24:00,0.27557632
2021-01-11 02:36:00,0.304142255
2021-01-11 02:48:00,0.269949089
2021-01-11 03:00:00,0.264586865
2021-01-11 03:12:00,0.255804601
2021-01-11 03:24:00,0.255090154
2021-01-11 03:36:00,0.271070474
2021-01-11 03:48:00,0.257771704
2021-01-11 04:00:00,0.259209741
2021-01-11 04:12:00,0.253010325
2021-01-11 04:24:00,0.252525501
2021-01-11 04:36:00,0.264922448
2021-01-11 04:48:00,0.256666536
2021-01-11 05:00:00,0.259112425
2021-01-11 05:12:00,0.254611182
2021-01-11 05:24:00,0.261859029
2021-01-11 05:36:00,0.257740127
2021-01-11 05:48:00,0.261961624
2021-01-11 06:00:00,0.259333443
2021-01-11 06:12:00,0.260054175
2021-01-11 06:24:00,0.254246816
2021-01-11 06:36:00,0.258007761
2021-01-11 06:48:00,0.263092634
2021-01-11 07:00:00,0.27766629
2021-01-11 07:12:00,0.270077135
2021-01-11 07:24:00,0.282159645
2021-01-11 07:36:00,0.262789483
2021-01-11 07:48:00,0.264960332
2021-01-11 08:00:00,0.27893178
2021-01-11 08:12:00,0.287418125
2021-01-11 08:24:00,0.272970818
2021-01-11 08:36:00,0.289461429
2021-01-11 08:48:00,0.269816678
2021-01-11 09:00:00,0.310644815
2021-01-11 09:12:00,0.297992461
2021-01-11 09:24:00,0.348495532
2021-01-11 09:36:00,0.313571388
2021-01-11 09:48:00,0.366276706
2021-01-11 10:00:00,0.319253414
2021-01-11 10:12:00,0.346569159
2021-01-11 10:24:00,0.352087057
2021-01-11 10:36:00,0.349311118
2021-01-11 10:48:00,0.436964685
2021-01-11 11:00:00,0.326520309
2021-01-11 11:12:00,0.34288821
2021-01-11 11:24:00,0.393010295
2021-01-11 11:36:00,0.358192841
2021-01-11 11:48:00,0.378164211
2021-01-11 12:00:00,0.390663084
2021-01-11 12:12:00,0.438881931
2021-01-11 12:24:00,0.492340619
2021-01-11 12:36:00,0.476039606
2021-01-11 12:48:00,0.483804137
2021-01-11 13:00:00,0.483060248
2021-01-11 13:12:00,0.486819211
2021-01-11 13:24:00,0.47820943
2021-01-11 13:36:00,0.466291154
2021-01-11 13:48:00,0.478332257
2021-01-11 14:00:00,0.420343061
2021-01-11 14:12:00,0.389381171
2021-01-11 14:24:00,0.41851316
2021-01-11 14:36:00,0.387868505
2021-01-11 14:48:00,0.371372126
2021-01-11 15:00:00,0.343933391
2021-01-11 15:12:00,0.35200908
2021-01-11 15:24:00,0.36372179
2021-01-11 15:36:00,0.398307041
2021-01-11 15:48:00,0.339990099
2021-01-11 16:00:00,0.320633927
2021-01-11 16:12:00,0.331106108
2021-01-11 16:24:00,0.33454909
2021-01-11 16:36:00,0.318070872
2021-01-11 16:48:00,0.327897011
2021-01-11 17:00:00,0.334328686
2021-01-11 17:12:00,0.303529151
2021-01-11 17:24:00,0.306437065
2021-01-11 17:36:00,0.356182621
2021-01-11 17:48:00,0.313961055
2021-01-11 18:00:00,0.348029602
2021-01-11 18:12:00,0.311038236
2021-01-11 18:24:00,0.293551064
2021-01-11 18:36:00,0.305211224
2021-01-11 18:48:00,0.302301012
2021-01-11 19:00:00,0.296156425
2021-01-11 19:12:00,0.297765955
2021-01-11 19:24:00,0.284781212
2021-01-11 19:36:00,0.294471328
2021-01-11 19:48:00,0.28314314
2021-01-11 20:00:00,0.30025638
2021-01-11 20:12:00,0.276926419
2021-01-11 20:24:00,0.273700094
2021-01-11 20:36:00,0.280753651
2021-01-11 20:48:00,0.277361299
2021-01-11 21:00:00,0.302823619
2021-01-11 21:12:00,0.289009227
2021-01-11 21:24:00,0.281538437
2021-01-11 21:36:00,0.301586879
2021-01-11 21:48:00,0.288570769
2021-01-11 22:00:00,0.281559989
2021-01-11 22:12:00,0.275138263
2021-01-11 22:24:00,0.290028962
2021-01-11 22:36:00,0.295753887
2021-01-11 22:48:00,0.306602678
2021-01-11 23:00:00,0.307224495
2021-01-11 23:12:00,0.315009578
2021-01-11 23:24:00,0.341130477
2021-01-11 23:36:00,0.322862296
2021-01-11 23:48:00,0.357874672
2021-01-12 00:00:00,0.299724172
2021-01-12 00:12:00,0.315596089
2021-01-12 00:24:00,0.319474091
2021-01-12 00:36:00,0.355669406
2021-01-12 00:48:00,0.297368624
2021-01-12 01:00:00,0.301181908
2021-01-12 01:12:00,0.306249452
2021-01-12 01:24:00,0.304773034
2021-01-12 01:36:00,0.294506713
2021-01-12 01:48:00,0.309387088
2021-01-12 02:00:00,0.318234423
2021-01-12 02:12:00,0.301978568
2021-01-12 02:24:00,0.306699862
2021-01-12 02:36:00,0.298993496
2021-01-12 02:48:00,0.299117573
2021-01-12 03:00:00,0.298747761
2021-01-12 03:12:00,0.295964335
2021-01-12 03:24:00,0.294018592
2021-01-12 03:36:00,0.296431128
2021-01-12 03:48:00,0.296020975
2021-01-12 04:00:00,0.288176742
2021-01-12 04:12:00,0.281286245
2021-01-12 04:24:00,0.288429217
2021-01-12 04:36:00,0.287042716
2021-01-12 04:48:00,0.288815415
2021-01-12 05:00:00,0.28218581
2021-01-12 05:12:00,0.285643617
2021-01-12 05:24:00,0.278230127
2021-01-12 05:36:00,0.293514696
2021-01-12 05:48:00,0.300259972
2021-01-12 06:00:00,0.289505234
2021-01-12 06:12:00,0.318514883
2021-01-12 06:24:00,0.285475066
2021-01-12 06:36:00,0.292335494
2021-01-12 06:48:00,0.28466086
2021-01-12 07:00:00,0.284525339
2021-01-12 07:12:00,0.308466218
2021-01-12 07:24:00,0.294631723
2021-01-12 07:36:00,0.303793537
2021-01-12 07:48:00,0.320481412
2021-01-12 08:00:00,0.315804799
2021-01-12 08:12:00,0.300170404
2021-01-12 08:24:00,0.295293464
2021-01-12 08:36:00,0.290799161
2021-01-12 08:48:00,0.293396538
2021-01-12 09:00:00,0.312020444
2021-01-12 09:12:00,0.302954114
2021-01-12 09:24:00,0.324952727
2021-01-12 09:36:00,0.31428077
2021-01-12 09:48:00,0.334143079
2021-01-12 10:00:00,0.32006684
2021-01-12 10:12:00,0.377693799
2021-01-12 10:24:00,0.353154966
2021-01-12 10:36:00,0.338563943
2021-01-12 10:48:00,0.359403065
2021-01-12 11:00:00,0.336053942
2021-01-12 11:12:00,0.35088655
2021-01-12 11:24:00,0.332996398
2021-01-12 11:36:00,0.341140388
2021-01-12 11:48:00,0.358285866
2021-01-12 12:00:00,0.37326878
2021-01-12 12:12:00,0.387399594
2021-01-12 12:24:00,0.413577536
2021-01-12 12:36:00,0.435455703
2021-01-12 12:48:00,0.456833268
2021-01-12 13:00:00,0.43264135
2021-01-12 13:12:00,0.437747815
2021-01-12 13:24:00,0.432808337
2021-01-12 13:36:00,0.423326856
2021-01-12 13:48:00,0.394758082
2021-01-12 14:00:00,0.402021592
2021-01-12 14:12:00,0.387902493
2021-01-12 14:24:00,0.407290019
2021-01-12 14:36:00,0.366072654
2021-01-12 14:48:00,0.358177983
2021-01-12 15:00:00,0.362195138
2021-01-12 15:12:00,0.400079981
2021-01-12 15:24:00,0.4151186
2021-01-12 15:36:00,0.403707628
2021-01-12 15:48:00,0.393935431
2021-01-12 16:00:00,0.393802891
2021-01-12 16:12:00,0.35251088
2021-01-12 16:24:00,0.359206306
2021-01-12 16:36:00,0.340838901
2021-01-12 16:48:00,0.360154721
2021-01-12 17:00:00,0.362767557
2021-01-12 17:12:00,0.418580013
2021-01-12 17:24:00,0.400556685
2021-01-12 17:36:00,0.36850825
2021-01-12 17:48:00,0.655106364
2021-01-12 18:00:00,0.326285248
2021-01-12 18:12:00,0.471021922
2021-01-12 18:24:00,0.379940023
2021-01-12 18:36:00,0.360777134
2021-01-12 18:48:00,0.495247374
2021-01-12 19:00:00,0.49833742
2021-01-12 19:12:00,0.466935017
2021-01-12 19:24:00,0.424462907
2021-01-12 19:36:00,0.337221772
2021-01-12 19:48:00,0.382055091
2021-01-12 20:00:00,0.303715877
2021-01-12 20:12:00,0.297027735
2021-01-12 20:24:00,0.322157972
2021-01-12 20:36:00,0.369225068
2021-01-12 20:48:00,0.324186508
2021-01-12 21:00:00,0.300205572
2021-01-12 21:12:00,0.286369297
2021-01-12 21:24:00,0.293055112
2021-01-12 21:36:00,0.305272982
2021-01-12 21:48:00,0.281202374
2021-01-12 22:00:00,0.307023201
2021-01-12 22:12:00,0.371145166
2021-01-12 22:24:00,0.397638105
2021-01-12 22:36:00,0.324388747
2021-01-12 22:48:00,0.350998013
2021-01-12 23:00:00,0.418581382
2021-01-12 23:12:00,0.481047134
2021-01-12 23:24:00,0.387825257
2021-01-12 23:36:00,0.388493906
2021-01-12 23:48:00,0.419717633
2021-01-13 00:00:00,0.614914872
2021-01-13 00:12:00,0.34018508
2021-01-13 00:24:00,0.314580464
2021-01-13 00:36:00,0.3185794
2021-01-13 00:48:00,0.316678536
2021-01-13 01:00:00,0.318417442
2021-01-13 01:12:00,0.318790605
2021-01-13 01:24:00,0.319108314
2021-01-13 01:36:00,0.306969514
2021-01-13 01:48:00,0.338631868
2021-01-13 02:00:00,0.303375185
2021-01-13 02:12:00,0.301039516
2021-01-13 02:24:00,0.300801907
2021-01-13 02:36:00,0.310228141
2021-01-13 02:48:00,0.298599158
2021-01-13 03:00:00,0.307201284
2021-01-13 03:12:00,0.304013235
2021-01-13 03:24:00,0.313074533
2021-01-13 03:36:00,0.306985441
2021-01-13 03:48:00,0.309768092
2021-01-13 04:00:00,0.31934738
2021-01-13 04:12:00,0.305709834
2021-01-13 04:24:00,0.309630056
2021-01-13 04:36:00,0.311105975
2021-01-13 04:48:00,0.31037541
2021-01-13 05:00:00,0.312104641
2021-01-13 05:12:00,0.312565756
2021-01-13 05:24:00,0.31277926
2021-01-13 05:36:00,0.30811894
2021-01-13 05:48:00,0.304691814
2021-01-13 06:00:00,0.308304796
2021-01-13 06:12:00,0.308201239
2021-01-13 06:24:00,0.30985821
2021-01-13 06:36:00,0.313345275
2021-01-13 06:48:00,0.313598632
2021-01-13 07:00:00,0.310298358
2021-01-13 07:12:00,0.317950728
2021-01-13 07:24:00,0.324729233
2021-01-13 07:36:00,0.352637457
2021-01-13 07:48:00,0.356443085
2021-01-13 08:00:00,0.371201181
2021-01-13 08:12:00,0.337037123
2021-01-13 08:24:00,0.329579578
2021-01-13 08:36:00,0.359591416
2021-01-13 08:48:00,0.35787157
2021-01-13 09:00:00,0.294931803
2021-01-13 09:12:00,0.506857334
2021-01-13 09:24:00,0.32551482
2021-01-13 09:36:00,0.319014136
2021-01-13 09:48:00,0.320463809
2021-01-13 10:00:00,0.325223381
2021-01-13 10:12:00,0.341030479
2021-01-13 10:24:00,0.333290285
2021-01-13 10:36:00,0.33273925
2021-01-13 10:48:00,0.340317986
2021-01-13 11:00:00,0.325982363
2021-01-13 11:12:00,0.306001644
2021-01-13 11:24:00,0.326116305
2021-01-13 11:36:00,0.301423605
2021-01-13 11:48:00,0.304934083
2021-01-13 12:00:00,0.326235075
2021-01-13 12:12:00,0.333098464
2021-01-13 12:24:00,0.331415812
2021-01-13 12:36:00,0.344926917
2021-01-13 12:48:00,0.356108581
2021-01-13 13:00:00,0.370509588
2021-01-13 13:12:00,0.396267988
2021-01-13 13:24:00,0.359573523
2021-01-13 13:36:00,0.360097276
2021-01-13 13:48:00,0.347923072
2021-01-13 14:00:00,0.354431038
2021-01-13 14:12:00,0.339447942
2021-01-13 14:24:00,0.345639987
2021-01-13 14:36:00,0.366689333
2021-01-13 14:48:00,0.347896784
2021-01-13 15:00:00,0.334555045
2021-01-13 15:12:00,0.339851358
2021-01-13 15:24:00,0.378815036
2021-01-13 15:36:00,0.331912029
2021-01-13 15:48:00,0.325961537
2021-01-13 16:00:00,0.336992121
2021-01-13 16:12:00,0.393325636
2021-01-13 16:24:00,0.322679132
2021-01-13 16:36:00,0.322992755
2021-01-13 16:48:00,0.341867061
2021-01-13 17:00:00,0.340189774
2021-01-13 17:12:00,0.319654027
2021-01-13 17:24:00,0.312221106
2021-01-13 17:36:00,0.322007731
2021-01-13 17:48:00,0.340929908
2021-01-13 18:00:00,0.280409223
2021-01-13 18:12:00,0.610364956
2021-01-13 18:24:00,0.428734722
2021-01-13 18:36:00,0.349181156
2021-01-13 18:48:00,0.355109955
2021-01-13 19:00:00,0.355470208
2021-01-13 19:12:00,0.359976342
2021-01-13 19:24:00,0.503854541
2021-01-13 19:36:00,0.350715491
2021-01-13 19:48:00,0.38765353
2021-01-13 20:00:00,0.464451846
2021-01-13 20:12:00,0.482664095
2021-01-13 20:24:00,0.597062399
2021-01-13 20:36:00,0.332043209
2021-01-13 20:48:00,0.342032582
2021-01-13 21:00:00,0.341803816
2021-01-13 21:12:00,0.371630406
2021-01-13 21:24:00,0.391332122
2021-01-13 21:36:00,0.374335504
2021-01-13 21:48:00,0.307591195
2021-01-13 22:00:00,0.32938102
2021-01-13 22:12:00,0.340697116
2021-01-13 22:24:00,0.444730299
2021-01-13 22:36:00,0.349545593
2021-01-13 22:48:00,0.393058062
2021-01-13 23:00:00,0.337173076
2021-01-13 23:12:00,0.330884886
2021-01-13 23:24:00,0.34531893
2021-01-13 23:36:00,0.333348672
2021-01-13 23:48:00,0.32847276
