,month,day,hour,minute,val
22,1,7,0,2,0.265705235
23,1,7,0,8,0.342274546
24,1,7,0,14,0.239529835
25,1,7,0,20,0.388270591
26,1,7,0,26,0.234061223
27,1,7,0,32,0.239841875
28,1,7,0,38,0.23841781
29,1,7,0,44,0.242977622
30,1,7,0,50,0.222321651
31,1,7,0,56,0.225997649
32,1,7,1,2,0.228550156
33,1,7,1,8,0.225686337
34,1,7,1,14,0.229304678
35,1,7,1,20,0.23326956
36,1,7,1,26,0.231563369
37,1,7,1,32,0.229602782
38,1,7,1,38,0.231877123
39,1,7,1,44,0.233220702
40,1,7,1,50,0.235990356
41,1,7,1,56,0.244234412
42,1,7,2,2,0.26085672
43,1,7,2,8,0.243991483
44,1,7,2,14,0.245695526
45,1,7,2,20,0.237167662
46,1,7,2,26,0.236956571
47,1,7,2,32,0.238904161
48,1,7,2,38,0.238055403
49,1,7,2,44,0.227978275
50,1,7,2,50,0.225590314
51,1,7,2,56,0.227303257
52,1,7,3,2,0.227150855
53,1,7,3,8,0.22477834
54,1,7,3,14,0.218413551
55,1,7,3,20,0.218759881
56,1,7,3,26,0.225296818
57,1,7,3,32,0.228458945
58,1,7,3,38,0.219690099
59,1,7,3,44,0.21874069
60,1,7,3,50,0.211095481
61,1,7,3,56,0.216471033
62,1,7,4,2,0.217588713
63,1,7,4,8,0.218122361
64,1,7,4,14,0.22393584
65,1,7,4,20,0.227398031
66,1,7,4,26,0.226085253
67,1,7,4,32,0.219206737
68,1,7,4,38,0.218952953
69,1,7,4,44,0.226679266
70,1,7,4,50,0.227796396
71,1,7,4,56,0.222778361
72,1,7,5,2,0.221659624
73,1,7,5,8,0.217653657
74,1,7,5,14,0.2140921
75,1,7,5,20,0.209066203
76,1,7,5,26,0.209900497
77,1,7,5,32,0.216571053
78,1,7,5,38,0.229281895
79,1,7,5,44,0.225758259
80,1,7,5,50,0.229068585
81,1,7,5,56,0.22468063
82,1,7,6,2,0.215016109
83,1,7,6,8,0.22983905
84,1,7,6,14,0.221562679
85,1,7,6,20,0.205304981
86,1,7,6,26,0.199710128
87,1,7,6,32,0.208956435
88,1,7,6,38,0.208180461
89,1,7,6,44,0.212317201
90,1,7,6,50,0.208886782
91,1,7,6,56,0.200445831
92,1,7,7,2,0.212608085
93,1,7,7,8,0.212342678
94,1,7,7,14,0.208155566
95,1,7,7,20,0.213575148
96,1,7,7,26,0.226728293
97,1,7,7,32,0.218947625
98,1,7,7,38,0.22013644
99,1,7,7,44,0.216790389
100,1,7,7,50,0.216559389
101,1,7,7,56,0.216092235
102,1,7,8,2,0.203523741
103,1,7,8,8,0.228668223
104,1,7,8,14,0.240290363
105,1,7,8,20,0.222327461
106,1,7,8,26,0.213633009
107,1,7,8,32,0.210927713
108,1,7,8,38,0.215477691
109,1,7,8,44,0.22344558
110,1,7,8,50,0.211552274
111,1,7,8,56,0.229861213
112,1,7,9,2,0.234845029
113,1,7,9,8,0.217085112
114,1,7,9,14,0.215882539
115,1,7,9,20,0.222599182
116,1,7,9,26,0.214139168
117,1,7,9,32,0.23114385
118,1,7,9,38,0.271652888
119,1,7,9,44,0.270720816
120,1,7,9,50,0.295300483
121,1,7,9,56,0.29940039
122,1,7,10,2,0.241909138
123,1,7,10,8,0.225204652
124,1,7,10,14,0.21950874
125,1,7,10,20,0.233080145
126,1,7,10,26,0.243643844
127,1,7,10,32,0.233359366
128,1,7,10,38,0.254104104
129,1,7,10,44,0.244505389
130,1,7,10,50,0.304400692
131,1,7,10,56,0.25825482
132,1,7,11,2,0.235592184
133,1,7,11,8,0.224953328
134,1,7,11,14,0.225700138
135,1,7,11,20,0.231553942
136,1,7,11,26,0.221443889
137,1,7,11,32,0.23185484
138,1,7,11,38,0.231166269
139,1,7,11,44,0.264645833
140,1,7,11,50,0.261640756
141,1,7,11,56,0.286580559
142,1,7,12,2,0.334511242
143,1,7,12,8,0.336850873
144,1,7,12,14,0.348361133
145,1,7,12,20,0.347250051
146,1,7,12,26,0.364277224
147,1,7,12,32,0.373942523
148,1,7,12,38,0.395404513
149,1,7,12,44,0.401139484
150,1,7,12,50,0.418320202
151,1,7,12,56,0.510890002
152,1,7,13,2,0.412420939
153,1,7,13,8,0.430296095
154,1,7,13,14,0.407922595
155,1,7,13,20,0.411746294
156,1,7,13,26,0.407776466
157,1,7,13,32,0.403514005
158,1,7,13,38,0.382779473
159,1,7,13,44,0.616671644
160,1,7,13,50,0.406988777
161,1,7,13,56,0.363674348
162,1,7,14,2,0.375667947
163,1,7,14,8,0.37231332
164,1,7,14,14,0.334926809
165,1,7,14,20,0.318603414
166,1,7,14,26,0.320342931
167,1,7,14,32,0.333735689
168,1,7,14,38,0.316816538
169,1,7,14,44,0.324524123
170,1,7,14,50,0.321977435
171,1,7,14,56,0.313078515
172,1,7,15,2,0.306041443
173,1,7,15,8,0.340186392
174,1,7,15,14,0.28348657
175,1,7,15,20,0.296634455
176,1,7,15,26,0.305348554
177,1,7,15,32,0.312263177
178,1,7,15,38,0.298672514
179,1,7,15,44,0.271986864
180,1,7,15,50,0.267509852
181,1,7,15,56,0.360332297
182,1,7,16,2,0.318574511
183,1,7,16,8,0.293728581
184,1,7,16,14,0.286667963
185,1,7,16,20,0.278496185
186,1,7,16,26,0.273777619
187,1,7,16,32,0.285467927
188,1,7,16,38,0.276416013
189,1,7,16,44,0.294647812
190,1,7,16,50,0.284659446
191,1,7,16,56,0.303627942
192,1,7,17,2,0.321474727
193,1,7,17,8,0.313641914
194,1,7,17,14,0.270937204
195,1,7,17,20,0.289121514
196,1,7,17,26,0.270060988
197,1,7,17,32,0.257661621
198,1,7,17,38,0.276659519
199,1,7,17,44,0.274892176
200,1,7,17,50,0.389883984
201,1,7,17,56,0.248546001
202,1,7,18,2,0.266065096
203,1,7,18,8,0.254050807
204,1,7,18,14,0.25762408
205,1,7,18,20,0.255523503
206,1,7,18,26,0.406312431
207,1,7,18,32,0.525552525
208,1,7,18,38,0.291310598
209,1,7,18,44,0.32932521
210,1,7,18,50,0.321406398
211,1,7,18,56,0.236708704
212,1,7,19,2,0.344844621
213,1,7,19,8,0.329488935
214,1,7,19,14,0.246457168
215,1,7,19,20,0.331202568
216,1,7,19,26,0.281213312
217,1,7,19,32,0.270094794
218,1,7,19,38,0.277362635
219,1,7,19,44,0.270120344
220,1,7,19,50,0.25262367
221,1,7,19,56,0.253094473
222,1,7,20,2,0.267866863
223,1,7,20,8,0.250618322
224,1,7,20,14,0.256207618
225,1,7,20,20,0.246875496
226,1,7,20,26,0.250582883
227,1,7,20,32,0.243967638
228,1,7,20,38,0.256043881
229,1,7,20,44,0.269796779
230,1,7,20,50,0.249832736
231,1,7,20,56,0.239143241
232,1,7,21,2,0.238133038
233,1,7,21,8,0.244540185
234,1,7,21,14,0.252632267
235,1,7,21,20,0.250815109
236,1,7,21,26,0.244229336
237,1,7,21,32,0.248521021
238,1,7,21,38,0.334536667
239,1,7,21,44,0.242433281
240,1,7,21,50,0.262526963
241,1,7,21,56,0.271706816
242,1,7,22,2,0.315520929
243,1,7,22,8,0.261959304
244,1,7,22,14,0.271211518
245,1,7,22,20,0.346198251
246,1,7,22,26,0.261741066
247,1,7,22,32,0.251503334
248,1,7,22,38,0.33398857
249,1,7,22,44,0.268982948
250,1,7,22,50,0.260192537
251,1,7,22,56,0.265919611
252,1,7,23,2,0.2744355
253,1,7,23,8,0.297614299
254,1,7,23,14,0.301831355
255,1,7,23,20,0.238206493
256,1,7,23,26,0.28593048
257,1,7,23,32,0.314245757
258,1,7,23,38,0.286172645
259,1,7,23,44,0.294796558
260,1,7,23,50,0.3440626
261,1,7,23,56,0.309229638
262,1,8,0,2,0.2507247
263,1,8,0,8,0.282564705
264,1,8,0,14,0.247566405
265,1,8,0,20,0.245097281
266,1,8,0,26,0.240986536
267,1,8,0,32,0.239316554
268,1,8,0,38,0.249410931
269,1,8,0,44,0.245676956
270,1,8,0,50,0.24002795
271,1,8,0,56,0.242599035
272,1,8,1,2,0.234732028
273,1,8,1,8,0.234104027
274,1,8,1,14,0.230904088
275,1,8,1,20,0.240755473
276,1,8,1,26,0.231765178
277,1,8,1,32,0.226096195
278,1,8,1,38,0.225123114
279,1,8,1,44,0.226761209
280,1,8,1,50,0.223349245
281,1,8,1,56,0.225328649
282,1,8,2,2,0.22729125
283,1,8,2,8,0.223474062
284,1,8,2,14,0.228931895
285,1,8,2,20,0.242408118
286,1,8,2,26,0.235491176
287,1,8,2,32,0.221142865
288,1,8,2,38,0.224841426
289,1,8,2,44,0.22298643
290,1,8,2,50,0.221235075
291,1,8,2,56,0.226137817
292,1,8,3,2,0.233199686
293,1,8,3,8,0.225283493
294,1,8,3,14,0.223518083
295,1,8,3,20,0.217843455
296,1,8,3,26,0.208203526
297,1,8,3,32,0.22773326
298,1,8,3,38,0.211799901
299,1,8,3,44,0.212897325
300,1,8,3,50,0.211564977
301,1,8,3,56,0.21730426
302,1,8,4,2,0.215478948
303,1,8,4,8,0.211709682
304,1,8,4,14,0.209178851
305,1,8,4,20,0.222056721
306,1,8,4,26,0.219069909
307,1,8,4,32,0.221865763
308,1,8,4,38,0.206867686
309,1,8,4,44,0.212957131
310,1,8,4,50,0.211818498
311,1,8,4,56,0.2060269
312,1,8,5,2,0.211720064
313,1,8,5,8,0.207035726
314,1,8,5,14,0.212402845
315,1,8,5,20,0.206469933
316,1,8,5,26,0.202123982
317,1,8,5,32,0.203713059
318,1,8,5,38,0.20910022
319,1,8,5,44,0.209497539
320,1,8,5,50,0.213245042
321,1,8,5,56,0.208155416
322,1,8,6,2,0.210414373
323,1,8,6,8,0.21500688
324,1,8,6,14,0.21042019
325,1,8,6,20,0.209579216
326,1,8,6,26,0.20741331
327,1,8,6,32,0.213962639
328,1,8,6,38,0.222707207
329,1,8,6,44,0.214601258
330,1,8,6,50,0.21496931
331,1,8,6,56,0.209560602
332,1,8,7,2,0.21954209
333,1,8,7,8,0.214853099
334,1,8,7,14,0.219606798
335,1,8,7,20,0.21326201
336,1,8,7,26,0.220856665
337,1,8,7,32,0.218993493
338,1,8,7,38,0.215630597
339,1,8,7,44,0.211581028
340,1,8,7,50,0.206014487
341,1,8,7,56,0.223334367
342,1,8,8,2,0.2215578
343,1,8,8,8,0.21578476
344,1,8,8,14,0.224759014
345,1,8,8,20,0.230105003
346,1,8,8,26,0.221392751
347,1,8,8,32,0.236214812
348,1,8,8,38,0.246458478
349,1,8,8,44,0.25155831
350,1,8,8,50,0.270071962
351,1,8,8,56,0.25949667
352,1,8,9,2,0.258537856
353,1,8,9,8,0.254759455
354,1,8,9,14,0.24343042
355,1,8,9,20,0.257511165
356,1,8,9,26,0.25161858
357,1,8,9,32,0.252009776
358,1,8,9,38,0.251105664
359,1,8,9,44,0.250754188
360,1,8,9,50,0.218927832
361,1,8,9,56,0.224006417
362,1,8,10,2,0.228072654
363,1,8,10,8,0.222971644
364,1,8,10,14,0.240688119
365,1,8,10,20,0.229660869
366,1,8,10,26,0.239464637
367,1,8,10,32,0.227830744
368,1,8,10,38,0.241287001
369,1,8,10,44,0.27153706
370,1,8,10,50,0.268560941
371,1,8,10,56,0.265485699
372,1,8,11,2,0.265242774
373,1,8,11,8,0.249358824
374,1,8,11,14,0.240624838
375,1,8,11,20,0.247075657
376,1,8,11,26,0.251352197
377,1,8,11,32,0.260946714
378,1,8,11,38,0.276279297
379,1,8,11,44,0.262718005
380,1,8,11,50,0.269778864
381,1,8,11,56,0.293971636
382,1,8,12,2,0.310049979
383,1,8,12,8,0.332043233
384,1,8,12,14,0.343169672
385,1,8,12,20,0.342314974
386,1,8,12,26,0.364380825
387,1,8,12,32,0.367378169
388,1,8,12,38,0.37472362
389,1,8,12,44,0.384236039
390,1,8,12,50,0.38430107
391,1,8,12,56,0.396672803
392,1,8,13,2,0.397648181
393,1,8,13,8,0.402852602
394,1,8,13,14,0.433100979
395,1,8,13,20,0.435320631
396,1,8,13,26,0.425261476
397,1,8,13,32,0.397856431
398,1,8,13,38,0.375263699
399,1,8,13,44,0.360884677
400,1,8,13,50,0.346240704
401,1,8,13,56,0.333443242
402,1,8,14,2,0.332766549
403,1,8,14,8,0.326986743
404,1,8,14,14,0.320273949
405,1,8,14,20,0.328621252
406,1,8,14,26,0.318791288
407,1,8,14,32,0.319088399
408,1,8,14,38,0.309970009
409,1,8,14,44,0.299073552
410,1,8,14,50,0.308886846
411,1,8,14,56,0.29572288
412,1,8,15,2,0.290447654
413,1,8,15,8,0.296715187
414,1,8,15,14,0.299418899
415,1,8,15,20,0.285541171
416,1,8,15,26,0.284945115
417,1,8,15,32,0.283578215
418,1,8,15,38,0.273373295
419,1,8,15,44,0.279726168
420,1,8,15,50,0.276800156
421,1,8,15,56,0.278380454
422,1,8,16,2,0.275706762
423,1,8,16,8,0.263650514
424,1,8,16,14,0.265583967
425,1,8,16,20,0.264680724
426,1,8,16,26,0.268129225
427,1,8,16,32,0.272410918
428,1,8,16,38,0.257255871
429,1,8,16,44,0.259008813
430,1,8,16,50,0.253635935
431,1,8,16,56,0.247792756
432,1,8,17,2,0.262838769
433,1,8,17,8,0.24467687
434,1,8,17,14,0.248619417
435,1,8,17,20,0.239936037
436,1,8,17,26,0.278213291
437,1,8,17,32,0.238089726
438,1,8,17,38,0.229593359
439,1,8,17,44,0.230672477
440,1,8,17,50,0.225371245
441,1,8,17,56,0.234405898
442,1,8,18,2,0.236486346
443,1,8,18,8,0.230824857
444,1,8,18,14,0.234046537
445,1,8,18,20,0.251870502
446,1,8,18,26,0.329140581
447,1,8,18,32,0.296323497
448,1,8,18,38,0.364954492
449,1,8,18,44,0.361658636
450,1,8,18,50,0.33
451,1,8,18,56,0.33
452,1,8,19,2,0.33
453,1,8,19,8,0.33
454,1,8,19,14,0.33
455,1,8,19,20,0.328128024
456,1,8,19,26,0.24171585
457,1,8,19,32,0.24338488
458,1,8,19,38,0.254341511
459,1,8,19,44,0.259398014
460,1,8,19,50,0.26678528
461,1,8,19,56,0.271003517
462,1,8,20,2,0.273505922
463,1,8,20,8,0.275040849
464,1,8,20,14,0.269244777
465,1,8,20,20,0.277797063
466,1,8,20,26,0.279259792
467,1,8,20,32,0.29448288
468,1,8,20,38,0.259690742
469,1,8,20,44,0.276686292
470,1,8,20,50,0.257354125
471,1,8,20,56,0.253184571
472,1,8,21,2,0.254055153
473,1,8,21,8,0.252939593
474,1,8,21,14,0.246417054
475,1,8,21,20,0.250692084
476,1,8,21,26,0.243528679
477,1,8,21,32,0.2646392
478,1,8,21,38,0.253429354
479,1,8,21,44,0.278024879
480,1,8,21,50,0.259991266
481,1,8,21,56,0.258191688
482,1,8,22,2,0.287300782
483,1,8,22,8,0.477677088
484,1,8,22,14,0.516439211
485,1,8,22,20,0.317283374
486,1,8,22,26,0.282516987
487,1,8,22,32,0.263787497
488,1,8,22,38,0.26685198
489,1,8,22,44,0.274160917
490,1,8,22,50,0.276475492
491,1,8,22,56,0.279370721
492,1,8,23,2,0.383483974
493,1,8,23,8,0.258722805
494,1,8,23,14,0.25384556
495,1,8,23,20,0.254003527
496,1,8,23,26,0.253895279
497,1,8,23,32,0.254569776
498,1,8,23,38,0.252913893
499,1,8,23,44,0.248874445
500,1,8,23,50,0.243191625
501,1,8,23,56,0.238067108
502,1,9,0,2,0.242210201
503,1,9,0,8,0.236393096
504,1,9,0,14,0.22964717
505,1,9,0,20,0.234462262
506,1,9,0,26,0.23264028
507,1,9,0,32,0.235407736
508,1,9,0,38,0.229767115
509,1,9,0,44,0.22934456
510,1,9,0,50,0.229915134
511,1,9,0,56,0.23488102
512,1,9,1,2,0.237160215
513,1,9,1,8,0.221057378
514,1,9,1,14,0.235650518
515,1,9,1,20,0.234093664
516,1,9,1,26,0.235351931
517,1,9,1,32,0.238276057
518,1,9,1,38,0.229309062
519,1,9,1,44,0.235967711
520,1,9,1,50,0.231401932
521,1,9,1,56,0.228675899
522,1,9,2,2,0.232177874
523,1,9,2,8,0.229447457
524,1,9,2,14,0.233817504
525,1,9,2,20,0.221767591
526,1,9,2,26,0.223952911
527,1,9,2,32,0.217275483
528,1,9,2,38,0.223531294
529,1,9,2,44,0.222817657
530,1,9,2,50,0.222007662
531,1,9,2,56,0.226915022
532,1,9,3,2,0.232227058
533,1,9,3,8,0.224309194
534,1,9,3,14,0.228636356
535,1,9,3,20,0.226237223
536,1,9,3,26,0.227847445
537,1,9,3,32,0.222311086
538,1,9,3,38,0.219545292
539,1,9,3,44,0.221074476
540,1,9,3,50,0.233151104
541,1,9,3,56,0.233321756
542,1,9,4,2,0.230739933
543,1,9,4,8,0.235783799
544,1,9,4,14,0.234344765
545,1,9,4,20,0.232699914
546,1,9,4,26,0.235054759
547,1,9,4,32,0.237469691
548,1,9,4,38,0.224184216
549,1,9,4,44,0.210849679
550,1,9,4,50,0.208813214
551,1,9,4,56,0.20701487
552,1,9,5,2,0.215553841
553,1,9,5,8,0.215220865
554,1,9,5,14,0.220155272
555,1,9,5,20,0.223600322
556,1,9,5,26,0.217946668
557,1,9,5,32,0.212944021
558,1,9,5,38,0.208270127
559,1,9,5,44,0.2107629
560,1,9,5,50,0.218107031
561,1,9,5,56,0.21837661
562,1,9,6,2,0.210332524
563,1,9,6,8,0.216505292
564,1,9,6,14,0.212653792
565,1,9,6,20,0.209388171
566,1,9,6,26,0.213393758
567,1,9,6,32,0.21121607
568,1,9,6,38,0.211406845
569,1,9,6,44,0.21552697
570,1,9,6,50,0.22033223
571,1,9,6,56,0.21177034
572,1,9,7,2,0.226925717
573,1,9,7,8,0.252374804
574,1,9,7,14,0.226734173
575,1,9,7,20,0.253912263
576,1,9,7,26,0.221667985
577,1,9,7,32,0.214622707
578,1,9,7,38,0.222201298
579,1,9,7,44,0.218452989
580,1,9,7,50,0.214525664
581,1,9,7,56,0.247141365
582,1,9,8,2,0.231156355
583,1,9,8,8,0.215321019
584,1,9,8,14,0.212541099
585,1,9,8,20,0.208209655
586,1,9,8,26,0.229946144
587,1,9,8,32,0.23488938
588,1,9,8,38,0.230203601
589,1,9,8,44,0.217928887
590,1,9,8,50,0.228922339
591,1,9,8,56,0.226192258
592,1,9,9,2,0.252639132
593,1,9,9,8,0.237638266
594,1,9,9,14,0.257323301
595,1,9,9,20,0.248898867
596,1,9,9,26,0.229551737
597,1,9,9,32,0.231355539
598,1,9,9,38,0.285161869
599,1,9,9,44,0.334730053
600,1,9,9,50,0.320924949
601,1,9,9,56,0.250372597
602,1,9,10,2,0.39172424
603,1,9,10,8,0.259075238
604,1,9,10,14,0.309336218
605,1,9,10,20,0.292298203
606,1,9,10,26,0.270241886
607,1,9,10,32,0.288430902
608,1,9,10,38,0.247935139
609,1,9,10,44,0.245841709
610,1,9,10,50,0.253141306
611,1,9,10,56,0.278402098
612,1,9,11,2,0.261666514
613,1,9,11,8,0.265887312
614,1,9,11,14,0.298198777
615,1,9,11,20,0.406742087
616,1,9,11,26,0.395570527
617,1,9,11,32,0.384394668
618,1,9,11,38,0.269455295
619,1,9,11,44,0.283929881
620,1,9,11,50,0.278975339
621,1,9,11,56,0.300392135
622,1,9,12,2,0.366763761
623,1,9,12,8,0.365017965
624,1,9,12,14,0.3724047
625,1,9,12,20,0.400406811
626,1,9,12,26,0.423041862
627,1,9,12,32,0.435763769
628,1,9,12,38,0.435439756
629,1,9,12,44,0.424137348
630,1,9,12,50,0.449799496
631,1,9,12,56,0.460303365
632,1,9,13,2,0.459726187
633,1,9,13,8,0.467796386
634,1,9,13,14,0.572974876
635,1,9,13,20,0.477094461
636,1,9,13,26,0.456963859
637,1,9,13,32,0.454103444
638,1,9,13,38,0.47815756
639,1,9,13,44,0.454679958
640,1,9,13,50,0.484548576
641,1,9,13,56,0.385255273
642,1,9,14,2,0.374525436
643,1,9,14,8,0.357979486
644,1,9,14,14,0.345531897
645,1,9,14,20,0.343662231
646,1,9,14,26,0.339747609
647,1,9,14,32,0.32795337
648,1,9,14,38,0.349868443
649,1,9,14,44,0.328824358
650,1,9,14,50,0.322144911
651,1,9,14,56,0.31822532
652,1,9,15,2,0.321548095
653,1,9,15,8,0.312389414
654,1,9,15,14,0.319578058
655,1,9,15,20,0.324828849
656,1,9,15,26,0.327274765
657,1,9,15,32,0.321671627
658,1,9,15,38,0.330207526
659,1,9,15,44,0.318923172
660,1,9,15,50,0.319407867
661,1,9,15,56,0.307587521
662,1,9,16,2,0.309658145
663,1,9,16,8,0.313711004
664,1,9,16,14,0.306475636
665,1,9,16,20,0.378002012
666,1,9,16,26,0.357361803
667,1,9,16,32,0.313464013
668,1,9,16,38,0.329412466
669,1,9,16,44,0.306422112
670,1,9,16,50,0.309660331
671,1,9,16,56,0.317550734
672,1,9,17,2,0.36169306
673,1,9,17,8,0.354942557
674,1,9,17,14,0.298839701
675,1,9,17,20,0.310137621
676,1,9,17,26,0.340695872
677,1,9,17,32,0.282873978
678,1,9,17,38,0.290693227
679,1,9,17,44,0.297880761
680,1,9,17,50,0.369312051
681,1,9,17,56,0.467968582
682,1,9,18,2,0.750508689
683,1,9,18,8,0.552736629
684,1,9,18,14,0.362858113
685,1,9,18,20,0.365104751
686,1,9,18,26,0.462459874
687,1,9,18,32,0.439300604
688,1,9,18,38,0.37434995
689,1,9,18,44,0.300413158
690,1,9,18,50,0.28650629
691,1,9,18,56,0.387734915
692,1,9,19,2,0.26469133
693,1,9,19,8,0.273101839
694,1,9,19,14,0.288300715
695,1,9,19,20,0.344616499
696,1,9,19,26,0.388556329
697,1,9,19,32,0.293302585
698,1,9,19,38,0.306817943
699,1,9,19,44,0.303454817
700,1,9,19,50,0.36745792
701,1,9,19,56,0.301205235
702,1,9,20,2,0.323399988
703,1,9,20,8,0.409493272
704,1,9,20,14,0.304057064
705,1,9,20,20,0.345288919
706,1,9,20,26,0.48958689
707,1,9,20,32,0.657866991
708,1,9,20,38,0.341643409
709,1,9,20,44,0.255026898
710,1,9,20,50,0.264465302
711,1,9,20,56,0.248312891
712,1,9,21,2,0.275355244
713,1,9,21,8,0.31454481
714,1,9,21,14,0.279498379
715,1,9,21,20,0.25825192
716,1,9,21,26,0.310903019
717,1,9,21,32,0.255716049
718,1,9,21,38,0.257355279
719,1,9,21,44,0.25472203
720,1,9,21,50,0.28202556
721,1,9,21,56,0.256434974
722,1,9,22,2,0.259591646
723,1,9,22,8,0.365447599
724,1,9,22,14,0.469429198
725,1,9,22,20,0.311237952
726,1,9,22,26,0.318079196
727,1,9,22,32,0.259239131
728,1,9,22,38,0.252880139
729,1,9,22,44,0.245461597
730,1,9,22,50,0.23439561
731,1,9,22,56,0.345245987
732,1,9,23,2,0.255107922
733,1,9,23,8,0.26713612
734,1,9,23,14,0.696189218
735,1,9,23,20,0.331190089
736,1,9,23,26,0.295054762
737,1,9,23,32,0.269693576
738,1,9,23,38,0.257090471
739,1,9,23,44,0.255372175
740,1,9,23,50,0.255029267
741,1,9,23,56,0.258655599
742,1,10,0,2,0.257983021
743,1,10,0,8,0.256113236
744,1,10,0,14,0.262094786
745,1,10,0,20,0.2631527
746,1,10,0,26,0.248910878
747,1,10,0,32,0.258004865
748,1,10,0,38,0.255920031
749,1,10,0,44,0.260918749
750,1,10,0,50,0.268432467
751,1,10,0,56,0.264154188
752,1,10,1,2,0.260302368
753,1,10,1,8,0.267636531
754,1,10,1,14,0.293381311
755,1,10,1,20,0.272901195
756,1,10,1,26,0.273263819
757,1,10,1,32,0.266905219
758,1,10,1,38,0.267162404
759,1,10,1,44,0.307245635
760,1,10,1,50,0.270712967
761,1,10,1,56,0.273725037
762,1,10,2,2,0.285711265
763,1,10,2,8,0.268605795
764,1,10,2,14,0.275105737
765,1,10,2,20,0.266753651
766,1,10,2,26,0.270680393
767,1,10,2,32,0.265536066
768,1,10,2,38,0.268454625
769,1,10,2,44,0.263993134
770,1,10,2,50,0.273382897
771,1,10,2,56,0.27460005
772,1,10,3,2,0.272081234
773,1,10,3,8,0.274594569
774,1,10,3,14,0.26720755
775,1,10,3,20,0.271492573
776,1,10,3,26,0.274105743
777,1,10,3,32,0.257526657
778,1,10,3,38,0.257490534
779,1,10,3,44,0.264620148
780,1,10,3,50,0.264474873
781,1,10,3,56,0.271285002
782,1,10,4,2,0.268920702
783,1,10,4,8,0.265446538
784,1,10,4,14,0.266453499
785,1,10,4,20,0.271575975
786,1,10,4,26,0.273117515
787,1,10,4,32,0.272765238
788,1,10,4,38,0.267295599
789,1,10,4,44,0.27491978
790,1,10,4,50,0.272118004
791,1,10,4,56,0.261158577
792,1,10,5,2,0.260490799
793,1,10,5,8,0.264763908
794,1,10,5,14,0.261976204
795,1,10,5,20,0.276851946
796,1,10,5,26,0.269101959
797,1,10,5,32,0.289756183
798,1,10,5,38,0.283871688
799,1,10,5,44,0.260282039
800,1,10,5,50,0.260983556
801,1,10,5,56,0.256329717
802,1,10,6,2,0.251658292
803,1,10,6,8,0.25829864
804,1,10,6,14,0.258428585
805,1,10,6,20,0.264472766
806,1,10,6,26,0.270360851
807,1,10,6,32,0.257364426
808,1,10,6,38,0.256420939
809,1,10,6,44,0.25864591
810,1,10,6,50,0.254586429
811,1,10,6,56,0.256569597
812,1,10,7,2,0.301607861
813,1,10,7,8,0.259953702
814,1,10,7,14,0.265090374
815,1,10,7,20,0.265546488
816,1,10,7,26,0.261852157
817,1,10,7,32,0.26381882
818,1,10,7,38,0.263566721
819,1,10,7,44,0.325820599
820,1,10,7,50,0.273501942
821,1,10,7,56,0.292611695
822,1,10,8,2,0.275900118
823,1,10,8,8,0.271232565
824,1,10,8,14,0.32493634
825,1,10,8,20,0.381493433
826,1,10,8,26,0.286035546
827,1,10,8,32,0.336824664
828,1,10,8,38,0.275670282
829,1,10,8,44,0.338967381
830,1,10,8,50,0.298059663
831,1,10,8,56,0.493284897
832,1,10,9,2,0.324898237
833,1,10,9,8,0.371627341
834,1,10,9,14,0.312700769
835,1,10,9,20,0.289221495
836,1,10,9,26,0.318594635
837,1,10,9,32,0.259683241
838,1,10,9,38,0.297677818
839,1,10,9,44,0.298071615
840,1,10,9,50,0.348656708
841,1,10,9,56,0.299404264
842,1,10,10,2,0.270867184
843,1,10,10,8,0.295183171
844,1,10,10,14,0.286389177
845,1,10,10,20,0.537681733
846,1,10,10,26,0.300434685
847,1,10,10,32,0.510462178
848,1,10,10,38,0.293006026
849,1,10,10,44,0.290768217
850,1,10,10,50,0.299766663
851,1,10,10,56,0.302849241
852,1,10,11,2,0.300260529
853,1,10,11,8,0.295810662
854,1,10,11,14,0.288656947
855,1,10,11,20,0.315694539
856,1,10,11,26,0.366760523
857,1,10,11,32,0.284409165
858,1,10,11,38,0.303990388
859,1,10,11,44,0.302010851
860,1,10,11,50,0.332526268
861,1,10,11,56,0.334390864
862,1,10,12,2,0.347681697
863,1,10,12,8,0.360872958
864,1,10,12,14,0.394688907
865,1,10,12,20,0.438720084
866,1,10,12,26,0.441093563
867,1,10,12,32,0.425390274
868,1,10,12,38,0.43034372
869,1,10,12,44,0.446350281
870,1,10,12,50,0.465589792
871,1,10,12,56,0.526697692
872,1,10,13,2,0.514551038
873,1,10,13,8,0.45433093
874,1,10,13,14,0.443754906
875,1,10,13,20,0.444180929
876,1,10,13,26,0.438155447
877,1,10,13,32,0.43686002
878,1,10,13,38,0.419796292
879,1,10,13,44,0.417502894
880,1,10,13,50,0.391139721
881,1,10,13,56,0.395708647
882,1,10,14,2,0.38114709
883,1,10,14,8,0.380940804
884,1,10,14,14,0.392103236
885,1,10,14,20,0.403282631
886,1,10,14,26,0.392186167
887,1,10,14,32,0.349223171
888,1,10,14,38,0.352636085
889,1,10,14,44,0.33303519
890,1,10,14,50,0.336554292
891,1,10,14,56,0.32207894
892,1,10,15,2,0.328873852
893,1,10,15,8,0.342923066
894,1,10,15,14,0.327017838
895,1,10,15,20,0.321943099
896,1,10,15,26,0.305867431
897,1,10,15,32,0.300138336
898,1,10,15,38,0.297737878
899,1,10,15,44,0.330005571
900,1,10,15,50,0.297203038
901,1,10,15,56,0.287971516
902,1,10,16,2,0.288152575
903,1,10,16,8,0.307270752
904,1,10,16,14,0.287115467
905,1,10,16,20,0.280512329
906,1,10,16,26,0.33182199
907,1,10,16,32,0.275784789
908,1,10,16,38,0.269107959
909,1,10,16,44,0.280143583
910,1,10,16,50,0.253743883
911,1,10,16,56,0.255603147
912,1,10,17,2,0.256928132
913,1,10,17,8,0.276793
914,1,10,17,14,0.266990344
915,1,10,17,20,0.272750936
916,1,10,17,26,0.27584752
917,1,10,17,32,0.290204508
918,1,10,17,38,0.297874816
919,1,10,17,44,0.24714343
920,1,10,17,50,0.276293982
921,1,10,17,56,0.276636101
922,1,10,18,2,0.279476836
923,1,10,18,8,0.257200088
924,1,10,18,14,0.254993076
925,1,10,18,20,0.283559885
926,1,10,18,26,0.248200839
927,1,10,18,32,0.249286168
928,1,10,18,38,0.24325319
929,1,10,18,44,0.254692035
930,1,10,18,50,0.232039373
931,1,10,18,56,0.252743035
932,1,10,19,2,0.275331486
933,1,10,19,8,0.263106185
934,1,10,19,14,0.251702826
935,1,10,19,20,0.259810287
936,1,10,19,26,0.267264012
937,1,10,19,32,0.242719832
938,1,10,19,38,0.239301261
939,1,10,19,44,0.327619129
940,1,10,19,50,0.25213412
941,1,10,19,56,0.252777138
942,1,10,20,2,0.253977074
943,1,10,20,8,0.267351926
944,1,10,20,14,0.405208807
945,1,10,20,20,0.370665997
946,1,10,20,26,0.253507417
947,1,10,20,32,0.247546921
948,1,10,20,38,0.260728587
949,1,10,20,44,0.285292668
950,1,10,20,50,0.287531393
951,1,10,20,56,0.25147697
952,1,10,21,2,0.258692526
953,1,10,21,8,0.251031476
954,1,10,21,14,0.259997596
955,1,10,21,20,0.267467775
956,1,10,21,26,0.25022479
957,1,10,21,32,0.396899008
958,1,10,21,38,0.351808645
959,1,10,21,44,0.255111311
960,1,10,21,50,0.251300119
0,1,10,21,56,0.286944919
1,1,10,22,2,0.305117617
2,1,10,22,8,0.261862997
3,1,10,22,14,0.272261096
4,1,10,22,20,0.292584229
5,1,10,22,26,0.335196973
6,1,10,22,32,0.286376082
7,1,10,22,38,0.284575122
8,1,10,22,44,0.252270729
9,1,10,22,50,0.271815914
10,1,10,22,56,0.260466269
11,1,10,23,2,0.270518965
12,1,10,23,8,0.278108979
13,1,10,23,14,0.368236422
14,1,10,23,20,0.266438333
15,1,10,23,26,0.292311353
16,1,10,23,32,0.278584854
17,1,10,23,38,0.274420716
18,1,10,23,44,0.26352015
19,1,10,23,50,0.258315678
20,1,10,23,56,0.263555635
21,1,11,0,2,0.257553473
22,1,11,0,8,0.266092128
23,1,11,0,14,0.257194661
24,1,11,0,20,0.261499303
25,1,11,0,26,0.265769049
26,1,11,0,32,0.28859071
27,1,11,0,38,0.273052555
28,1,11,0,44,0.259911163
29,1,11,0,50,0.262250338
30,1,11,0,56,0.281173082
31,1,11,1,2,0.255406681
32,1,11,1,8,0.264925972
33,1,11,1,14,0.260955975
34,1,11,1,20,0.262930165
35,1,11,1,26,0.266310811
36,1,11,1,32,0.263162517
37,1,11,1,38,0.264884527
38,1,11,1,44,0.268594257
39,1,11,1,50,0.258118049
40,1,11,1,56,0.264055786
41,1,11,2,2,0.257691381
42,1,11,2,8,0.247391769
43,1,11,2,14,0.260122507
44,1,11,2,20,0.256835348
45,1,11,2,26,0.264041091
46,1,11,2,32,0.287111549
47,1,11,2,38,0.279030856
48,1,11,2,44,0.329253654
49,1,11,2,50,0.272151421
50,1,11,2,56,0.267746757
51,1,11,3,2,0.269609633
52,1,11,3,8,0.259564098
53,1,11,3,14,0.257005999
54,1,11,3,20,0.254603204
55,1,11,3,26,0.252443847
56,1,11,3,32,0.257736461
57,1,11,3,38,0.280894238
58,1,11,3,44,0.261246711
59,1,11,3,50,0.257928769
60,1,11,3,56,0.257614639
61,1,11,4,2,0.256297374
62,1,11,4,8,0.262122109
63,1,11,4,14,0.25724427
64,1,11,4,20,0.248776381
65,1,11,4,26,0.250924291
66,1,11,4,32,0.254126711
67,1,11,4,38,0.283539257
68,1,11,4,44,0.246305638
69,1,11,4,50,0.253320573
70,1,11,4,56,0.2600125
71,1,11,5,2,0.260837254
72,1,11,5,8,0.257387597
73,1,11,5,14,0.252199202
74,1,11,5,20,0.257023163
75,1,11,5,26,0.268267862
76,1,11,5,32,0.255450195
77,1,11,5,38,0.25695104
78,1,11,5,44,0.258529213
79,1,11,5,50,0.260830425
80,1,11,5,56,0.263092823
81,1,11,6,2,0.264511874
82,1,11,6,8,0.254155013
83,1,11,6,14,0.257932101
84,1,11,6,20,0.262176249
85,1,11,6,26,0.258065146
86,1,11,6,32,0.250428487
87,1,11,6,38,0.265972214
88,1,11,6,44,0.250043309
89,1,11,6,50,0.263166931
90,1,11,6,56,0.263018337
91,1,11,7,2,0.266423496
92,1,11,7,8,0.288909083
93,1,11,7,14,0.265095482
94,1,11,7,20,0.275058788
95,1,11,7,26,0.274205538
96,1,11,7,32,0.290113753
97,1,11,7,38,0.265471436
98,1,11,7,44,0.26010753
99,1,11,7,50,0.270013329
100,1,11,7,56,0.259907335
101,1,11,8,2,0.279588947
102,1,11,8,8,0.278274613
103,1,11,8,14,0.279650345
104,1,11,8,20,0.295185905
105,1,11,8,26,0.26907099
106,1,11,8,32,0.276870645
107,1,11,8,38,0.276375066
108,1,11,8,44,0.302547792
109,1,11,8,50,0.265821623
110,1,11,8,56,0.273811732
111,1,11,9,2,0.290509822
112,1,11,9,8,0.330779808
113,1,11,9,14,0.292107411
114,1,11,9,20,0.303877511
115,1,11,9,26,0.349772158
116,1,11,9,32,0.347218906
117,1,11,9,38,0.316816571
118,1,11,9,44,0.310326206
119,1,11,9,50,0.408140882
120,1,11,9,56,0.32441253
121,1,11,10,2,0.34708004
122,1,11,10,8,0.291426788
123,1,11,10,14,0.324940539
124,1,11,10,20,0.368197779
125,1,11,10,26,0.31509605
126,1,11,10,32,0.389078064
127,1,11,10,38,0.388496353
128,1,11,10,44,0.310125882
129,1,11,10,50,0.510610323
130,1,11,10,56,0.363319046
131,1,11,11,2,0.3183577
132,1,11,11,8,0.334682919
133,1,11,11,14,0.329710416
134,1,11,11,20,0.356066005
135,1,11,11,26,0.390733405
136,1,11,11,32,0.395287185
137,1,11,11,38,0.36206927
138,1,11,11,44,0.354316412
139,1,11,11,50,0.360772089
140,1,11,11,56,0.395556333
141,1,11,12,2,0.388556436
142,1,11,12,8,0.392769732
143,1,11,12,14,0.446490166
144,1,11,12,20,0.431273695
145,1,11,12,26,0.494643285
146,1,11,12,32,0.490037953
147,1,11,12,38,0.451165816
148,1,11,12,44,0.500913395
149,1,11,12,50,0.486565397
150,1,11,12,56,0.481042878
151,1,11,13,2,0.498524761
152,1,11,13,8,0.467595734
153,1,11,13,14,0.502213455
154,1,11,13,20,0.471424968
155,1,11,13,26,0.497516802
156,1,11,13,32,0.458902057
157,1,11,13,38,0.450587429
158,1,11,13,44,0.481994878
159,1,11,13,50,0.493599893
160,1,11,13,56,0.463064622
161,1,11,14,2,0.429076855
162,1,11,14,8,0.411609266
163,1,11,14,14,0.390771766
164,1,11,14,20,0.387990577
165,1,11,14,26,0.397749416
166,1,11,14,32,0.439276903
167,1,11,14,38,0.390143069
168,1,11,14,44,0.385593941
169,1,11,14,50,0.379128139
170,1,11,14,56,0.363616112
171,1,11,15,2,0.346365805
172,1,11,15,8,0.341500976
173,1,11,15,14,0.352199902
174,1,11,15,20,0.351818258
175,1,11,15,26,0.360905127
176,1,11,15,32,0.366538453
177,1,11,15,38,0.416816494
178,1,11,15,44,0.379797589
179,1,11,15,50,0.34990396
180,1,11,15,56,0.330076238
181,1,11,16,2,0.327773121
182,1,11,16,8,0.313494733
183,1,11,16,14,0.332429942
184,1,11,16,20,0.329782273
185,1,11,16,26,0.353638793
186,1,11,16,32,0.315459387
187,1,11,16,38,0.329398789
188,1,11,16,44,0.306742954
189,1,11,16,50,0.329093088
190,1,11,16,56,0.326700934
191,1,11,17,2,0.321402266
192,1,11,17,8,0.347255106
193,1,11,17,14,0.299968349
194,1,11,17,20,0.307089954
195,1,11,17,26,0.300122232
196,1,11,17,32,0.312751898
197,1,11,17,38,0.40918943
198,1,11,17,44,0.303175812
199,1,11,17,50,0.301041335
200,1,11,17,56,0.326880776
201,1,11,18,2,0.363332103
202,1,11,18,8,0.3327271
203,1,11,18,14,0.296807176
204,1,11,18,20,0.325269295
205,1,11,18,26,0.292321295
206,1,11,18,32,0.294780833
207,1,11,18,38,0.31864021
208,1,11,18,44,0.291782239
209,1,11,18,50,0.308692758
210,1,11,18,56,0.295909266
211,1,11,19,2,0.303762414
212,1,11,19,8,0.288550436
213,1,11,19,14,0.305834259
214,1,11,19,20,0.289697651
215,1,11,19,26,0.289729867
216,1,11,19,32,0.279832558
217,1,11,19,38,0.284362939
218,1,11,19,44,0.304579718
219,1,11,19,50,0.276037626
220,1,11,19,56,0.290248654
221,1,11,20,2,0.291996789
222,1,11,20,8,0.308515971
223,1,11,20,14,0.280267748
224,1,11,20,20,0.273585091
225,1,11,20,26,0.269093347
226,1,11,20,32,0.278306841
227,1,11,20,38,0.280422721
228,1,11,20,44,0.281084581
229,1,11,20,50,0.282962324
230,1,11,20,56,0.271760273
231,1,11,21,2,0.298593055
232,1,11,21,8,0.307054182
233,1,11,21,14,0.301443852
234,1,11,21,20,0.276574602
235,1,11,21,26,0.284666343
236,1,11,21,32,0.278410531
237,1,11,21,38,0.280358086
238,1,11,21,44,0.322815672
239,1,11,21,50,0.284338578
240,1,11,21,56,0.292802959
241,1,11,22,2,0.274109885
242,1,11,22,8,0.289010092
243,1,11,22,14,0.282310962
244,1,11,22,20,0.267965564
245,1,11,22,26,0.28815731
246,1,11,22,32,0.291900615
247,1,11,22,38,0.289499892
248,1,11,22,44,0.302007881
249,1,11,22,50,0.304825787
250,1,11,22,56,0.308379569
251,1,11,23,2,0.308408212
252,1,11,23,8,0.306040779
253,1,11,23,14,0.32201946
254,1,11,23,20,0.307999696
255,1,11,23,26,0.34982241
256,1,11,23,32,0.332438544
257,1,11,23,38,0.318101841
258,1,11,23,44,0.327622751
259,1,11,23,50,0.406095522
260,1,11,23,56,0.309653822
261,1,12,0,2,0.300140609
262,1,12,0,8,0.299307734
263,1,12,0,14,0.336644007
264,1,12,0,20,0.294548171
265,1,12,0,26,0.297910047
266,1,12,0,32,0.341038136
267,1,12,0,38,0.345571839
268,1,12,0,44,0.365766974
269,1,12,0,50,0.297730181
270,1,12,0,56,0.297007067
271,1,12,1,2,0.300756853
272,1,12,1,8,0.301606963
273,1,12,1,14,0.295821772
274,1,12,1,20,0.316677133
275,1,12,1,26,0.307022241
276,1,12,1,32,0.302523828
277,1,12,1,38,0.293448959
278,1,12,1,44,0.295564467
279,1,12,1,50,0.305997531
280,1,12,1,56,0.312776644
281,1,12,2,2,0.33392157
282,1,12,2,8,0.302547276
283,1,12,2,14,0.304048053
284,1,12,2,20,0.299909083
285,1,12,2,26,0.302814523
286,1,12,2,32,0.3105852
287,1,12,2,38,0.308371749
288,1,12,2,44,0.289615243
289,1,12,2,50,0.297757644
290,1,12,2,56,0.300477502
291,1,12,3,2,0.296540013
292,1,12,3,8,0.30095551
293,1,12,3,14,0.29364076
294,1,12,3,20,0.29828791
295,1,12,3,26,0.29702555
296,1,12,3,32,0.291011635
297,1,12,3,38,0.293411614
298,1,12,3,44,0.299450643
299,1,12,3,50,0.29655531
300,1,12,3,56,0.29548664
301,1,12,4,2,0.28974432
302,1,12,4,8,0.286609163
303,1,12,4,14,0.280084995
304,1,12,4,20,0.282487495
305,1,12,4,26,0.28165702
306,1,12,4,32,0.295201414
307,1,12,4,38,0.282694568
308,1,12,4,44,0.291390864
309,1,12,4,50,0.292558417
310,1,12,4,56,0.285072414
311,1,12,5,2,0.278659552
312,1,12,5,8,0.285712067
313,1,12,5,14,0.288160791
314,1,12,5,20,0.283126444
315,1,12,5,26,0.27861441
316,1,12,5,32,0.277845843
317,1,12,5,38,0.286415454
318,1,12,5,44,0.300613938
319,1,12,5,50,0.303212968
320,1,12,5,56,0.297306975
321,1,12,6,2,0.285205456
322,1,12,6,8,0.293805013
323,1,12,6,14,0.310613573
324,1,12,6,20,0.326416193
325,1,12,6,26,0.287895127
326,1,12,6,32,0.283055004
327,1,12,6,38,0.291160465
328,1,12,6,44,0.293510523
329,1,12,6,50,0.276220611
330,1,12,6,56,0.29310111
331,1,12,7,2,0.286394269
332,1,12,7,8,0.28265641
333,1,12,7,14,0.324769133
334,1,12,7,20,0.292163303
335,1,12,7,26,0.287847725
336,1,12,7,32,0.301415722
337,1,12,7,38,0.313784473
338,1,12,7,44,0.293802602
339,1,12,7,50,0.313676236
340,1,12,7,56,0.327286588
341,1,12,8,2,0.332752974
342,1,12,8,8,0.298856623
343,1,12,8,14,0.299921431
344,1,12,8,20,0.300419377
345,1,12,8,26,0.298423393
346,1,12,8,32,0.292163535
347,1,12,8,38,0.293561269
348,1,12,8,44,0.288037053
349,1,12,8,50,0.294127435
350,1,12,8,56,0.29266564
351,1,12,9,2,0.329549961
352,1,12,9,8,0.294490927
353,1,12,9,14,0.312598035
354,1,12,9,20,0.293310193
355,1,12,9,26,0.297054919
356,1,12,9,32,0.352850535
357,1,12,9,38,0.290676528
358,1,12,9,44,0.337885012
359,1,12,9,50,0.319397969
360,1,12,9,56,0.348888189
361,1,12,10,2,0.35470491
362,1,12,10,8,0.285428771
363,1,12,10,14,0.343505413
364,1,12,10,20,0.411882186
365,1,12,10,26,0.355848985
366,1,12,10,32,0.350460946
367,1,12,10,38,0.321546685
368,1,12,10,44,0.3555812
369,1,12,10,50,0.349848449
370,1,12,10,56,0.368957682
371,1,12,11,2,0.339156905
372,1,12,11,8,0.332950979
373,1,12,11,14,0.350613918
374,1,12,11,20,0.351159182
375,1,12,11,26,0.337366409
376,1,12,11,32,0.328626387
377,1,12,11,38,0.336981283
378,1,12,11,44,0.345299493
379,1,12,11,50,0.345817404
380,1,12,11,56,0.370754327
381,1,12,12,2,0.368774351
382,1,12,12,8,0.377763208
383,1,12,12,14,0.38893475
384,1,12,12,20,0.385864438
385,1,12,12,26,0.429947502
386,1,12,12,32,0.397207571
387,1,12,12,38,0.422805462
388,1,12,12,44,0.448105945
389,1,12,12,50,0.433573435
390,1,12,12,56,0.480093101
391,1,12,13,2,0.43250065
392,1,12,13,8,0.432782049
393,1,12,13,14,0.444701609
394,1,12,13,20,0.430794022
395,1,12,13,26,0.441223689
396,1,12,13,32,0.424392986
397,1,12,13,38,0.420015042
398,1,12,13,44,0.42663867
399,1,12,13,50,0.40317428
400,1,12,13,56,0.386341885
401,1,12,14,2,0.407303634
402,1,12,14,8,0.39673955
403,1,12,14,14,0.38051763
404,1,12,14,20,0.395287356
405,1,12,14,26,0.440572757
406,1,12,14,32,0.37400728
407,1,12,14,38,0.369678858
408,1,12,14,44,0.36246645
409,1,12,14,50,0.372261851
410,1,12,14,56,0.344094116
411,1,12,15,2,0.354372259
412,1,12,15,8,0.370018018
413,1,12,15,14,0.364118728
414,1,12,15,20,0.436041235
415,1,12,15,26,0.41590654
416,1,12,15,32,0.41433066
417,1,12,15,38,0.379249231
418,1,12,15,44,0.428166026
419,1,12,15,50,0.39153073
420,1,12,15,56,0.396340132
421,1,12,16,2,0.401278296
422,1,12,16,8,0.386327487
423,1,12,16,14,0.370599936
424,1,12,16,20,0.334421824
425,1,12,16,26,0.355519837
426,1,12,16,32,0.362892776
427,1,12,16,38,0.353769596
428,1,12,16,44,0.327908206
429,1,12,16,50,0.379739316
430,1,12,16,56,0.340570126
431,1,12,17,2,0.350129098
432,1,12,17,8,0.375406016
433,1,12,17,14,0.45681424
434,1,12,17,20,0.380345786
435,1,12,17,26,0.43729575
436,1,12,17,32,0.36381762
437,1,12,17,38,0.335245044
438,1,12,17,44,0.401771455
439,1,12,17,50,0.87636903
440,1,12,17,56,0.433843698
441,1,12,18,2,0.329680857
442,1,12,18,8,0.322889639
443,1,12,18,14,0.574143538
444,1,12,18,20,0.367900306
445,1,12,18,26,0.394955483
446,1,12,18,32,0.364924564
447,1,12,18,38,0.341445731
448,1,12,18,44,0.380108537
449,1,12,18,50,0.474802031
450,1,12,18,56,0.515692717
451,1,12,19,2,0.498785974
452,1,12,19,8,0.497888866
453,1,12,19,14,0.541223007
454,1,12,19,20,0.392647027
455,1,12,19,26,0.464086872
456,1,12,19,32,0.384838941
457,1,12,19,38,0.327917196
458,1,12,19,44,0.346526349
459,1,12,19,50,0.412178386
460,1,12,19,56,0.351931797
461,1,12,20,2,0.295454558
462,1,12,20,8,0.311977196
463,1,12,20,14,0.293092918
464,1,12,20,20,0.300962553
465,1,12,20,26,0.295308825
466,1,12,20,32,0.349007118
467,1,12,20,38,0.290140614
468,1,12,20,44,0.448309522
469,1,12,20,50,0.33409436
470,1,12,20,56,0.314278655
471,1,12,21,2,0.307096856
472,1,12,21,8,0.293314287
473,1,12,21,14,0.283139266
474,1,12,21,20,0.289599328
475,1,12,21,26,0.285298929
476,1,12,21,32,0.300811294
477,1,12,21,38,0.327002262
478,1,12,21,44,0.283543703
479,1,12,21,50,0.291913046
0,1,12,21,56,0.270491702
1,1,12,22,2,0.296120858
2,1,12,22,8,0.317925545
3,1,12,22,14,0.376859307
4,1,12,22,20,0.365431024
5,1,12,22,26,0.415252157
6,1,12,22,32,0.380024054
7,1,12,22,38,0.325902017
8,1,12,22,44,0.322875476
9,1,12,22,50,0.322243406
10,1,12,22,56,0.37975262
11,1,12,23,2,0.438018966
12,1,12,23,8,0.399143798
13,1,12,23,14,0.449622064
14,1,12,23,20,0.512472205
15,1,12,23,26,0.364461246
16,1,12,23,32,0.411189269
17,1,12,23,38,0.423388919
18,1,12,23,44,0.353598893
19,1,12,23,50,0.428944453
20,1,12,23,56,0.410490814
21,1,13,0,2,0.743470373
22,1,13,0,8,0.486359371
23,1,13,0,14,0.367146315
24,1,13,0,20,0.313223845
25,1,13,0,26,0.316291746
26,1,13,0,32,0.312869182
27,1,13,0,38,0.315283371
28,1,13,0,44,0.321875429
29,1,13,0,50,0.313053294
30,1,13,0,56,0.320303779
31,1,13,1,2,0.314186582
32,1,13,1,8,0.322648302
33,1,13,1,14,0.315224556
34,1,13,1,20,0.322356654
35,1,13,1,26,0.315650436
36,1,13,1,32,0.322566192
37,1,13,1,38,0.303778737
38,1,13,1,44,0.310160291
39,1,13,1,50,0.361100326
40,1,13,1,56,0.31616341
41,1,13,2,2,0.300908278
42,1,13,2,8,0.305842092
43,1,13,2,14,0.300873174
44,1,13,2,20,0.301205858
45,1,13,2,26,0.297049957
46,1,13,2,32,0.304553857
47,1,13,2,38,0.314026721
48,1,13,2,44,0.306429561
49,1,13,2,50,0.299696496
50,1,13,2,56,0.297501821
51,1,13,3,2,0.307006549
52,1,13,3,8,0.307396019
53,1,13,3,14,0.305477972
54,1,13,3,20,0.302548498
55,1,13,3,26,0.314587726
56,1,13,3,32,0.31156134
57,1,13,3,38,0.310504656
58,1,13,3,44,0.303466225
59,1,13,3,50,0.309771354
60,1,13,3,56,0.30976483
61,1,13,4,2,0.321650188
62,1,13,4,8,0.317044572
63,1,13,4,14,0.305863702
64,1,13,4,20,0.305555965
65,1,13,4,26,0.309325863
66,1,13,4,32,0.30993425
67,1,13,4,38,0.307024192
68,1,13,4,44,0.315187758
69,1,13,4,50,0.31316782
70,1,13,4,56,0.307583
71,1,13,5,2,0.313187427
72,1,13,5,8,0.311021854
73,1,13,5,14,0.313386675
74,1,13,5,20,0.311744838
75,1,13,5,26,0.318044841
76,1,13,5,32,0.307513679
77,1,13,5,38,0.308700637
78,1,13,5,44,0.307537244
79,1,13,5,50,0.304189343
80,1,13,5,56,0.305194286
81,1,13,6,2,0.303139613
82,1,13,6,8,0.313469978
83,1,13,6,14,0.311954463
84,1,13,6,20,0.304448015
85,1,13,6,26,0.303513282
86,1,13,6,32,0.316203137
87,1,13,6,38,0.317334077
88,1,13,6,44,0.309356473
89,1,13,6,50,0.315414889
90,1,13,6,56,0.311782376
91,1,13,7,2,0.301575965
92,1,13,7,8,0.319020751
93,1,13,7,14,0.313974107
94,1,13,7,20,0.32192735
95,1,13,7,26,0.318076478
96,1,13,7,32,0.331381988
97,1,13,7,38,0.334155871
98,1,13,7,44,0.371119043
99,1,13,7,50,0.360818601
100,1,13,7,56,0.352067569
101,1,13,8,2,0.357983225
102,1,13,8,8,0.384419137
103,1,13,8,14,0.352336014
104,1,13,8,20,0.321738231
105,1,13,8,26,0.321454942
106,1,13,8,32,0.337704214
107,1,13,8,38,0.327799561
108,1,13,8,44,0.391383271
109,1,13,8,50,0.378220532
110,1,13,8,56,0.337522607
111,1,13,9,2,0.317660097
112,1,13,9,8,0.272203508
113,1,13,9,14,0.505694631
114,1,13,9,20,0.508020038
115,1,13,9,26,0.322688801
116,1,13,9,32,0.328340839
117,1,13,9,38,0.315561119
118,1,13,9,44,0.322467154
119,1,13,9,50,0.320107794
120,1,13,9,56,0.320819823
121,1,13,10,2,0.311366695
122,1,13,10,8,0.339080067
123,1,13,10,14,0.342905526
124,1,13,10,20,0.339155431
125,1,13,10,26,0.330174048
126,1,13,10,32,0.336406522
127,1,13,10,38,0.334177408
128,1,13,10,44,0.331301091
129,1,13,10,50,0.341806445
130,1,13,10,56,0.338829526
131,1,13,11,2,0.334690529
132,1,13,11,8,0.317274198
133,1,13,11,14,0.304558492
134,1,13,11,20,0.307444795
135,1,13,11,26,0.306239507
136,1,13,11,32,0.345993104
137,1,13,11,38,0.303344723
138,1,13,11,44,0.299502487
139,1,13,11,50,0.309395448
140,1,13,11,56,0.300472718
141,1,13,12,2,0.333903944
142,1,13,12,8,0.318566205
143,1,13,12,14,0.325041459
144,1,13,12,20,0.341155469
145,1,13,12,26,0.336916694
146,1,13,12,32,0.32591493
147,1,13,12,38,0.332017162
148,1,13,12,44,0.357836671
149,1,13,12,50,0.350459416
150,1,13,12,56,0.361757746
151,1,13,13,2,0.370282719
152,1,13,13,8,0.370736457
153,1,13,13,14,0.369767509
154,1,13,13,20,0.422768467
155,1,13,13,26,0.365375507
156,1,13,13,32,0.353771539
157,1,13,13,38,0.348520474
158,1,13,13,44,0.371674078
159,1,13,13,50,0.346616142
160,1,13,13,56,0.349230001
161,1,13,14,2,0.350127626
162,1,13,14,8,0.358734451
163,1,13,14,14,0.341308634
164,1,13,14,20,0.337587251
165,1,13,14,26,0.345589216
166,1,13,14,32,0.345690758
167,1,13,14,38,0.351063555
168,1,13,14,44,0.382315111
169,1,13,14,50,0.351483419
170,1,13,14,56,0.34431015
171,1,13,15,2,0.342065098
172,1,13,15,8,0.327044992
173,1,13,15,14,0.346972802
174,1,13,15,20,0.332729914
175,1,13,15,26,0.426670357
176,1,13,15,32,0.330959716
177,1,13,15,38,0.315850983
178,1,13,15,44,0.347973074
179,1,13,15,50,0.319317452
180,1,13,15,56,0.332605622
181,1,13,16,2,0.330673917
182,1,13,16,8,0.343310325
183,1,13,16,14,0.447304985
184,1,13,16,20,0.339346287
185,1,13,16,26,0.328287492
186,1,13,16,32,0.317070773
187,1,13,16,38,0.31288433
188,1,13,16,44,0.33310118
189,1,13,16,50,0.378310099
190,1,13,16,56,0.305424022
191,1,13,17,2,0.303319568
192,1,13,17,8,0.37705998
193,1,13,17,14,0.334494177
194,1,13,17,20,0.304813878
195,1,13,17,26,0.302372425
196,1,13,17,32,0.322069787
197,1,13,17,38,0.31678706
198,1,13,17,44,0.327228402
199,1,13,17,50,0.303455533
200,1,13,17,56,0.378404284
201,1,13,18,2,0.280584076
202,1,13,18,8,0.28023437
203,1,13,18,14,0.593605
204,1,13,18,20,0.627124913
205,1,13,18,26,0.326646566
206,1,13,18,32,0.530822877
207,1,13,18,38,0.405583582
208,1,13,18,44,0.292778731
209,1,13,18,50,0.352472502
210,1,13,18,56,0.357747409
211,1,13,19,2,0.353456719
212,1,13,19,8,0.357483697
213,1,13,19,14,0.34897248
214,1,13,19,20,0.370980205
215,1,13,19,26,0.326288392
216,1,13,19,32,0.68142069
217,1,13,19,38,0.322980343
218,1,13,19,44,0.378450638
219,1,13,19,50,0.381069861
220,1,13,19,56,0.394237199
221,1,13,20,2,0.60786438
222,1,13,20,8,0.321039312
223,1,13,20,14,0.334982773
224,1,13,20,20,0.630345416
225,1,13,20,26,0.666141173
226,1,13,20,32,0.527983625
227,1,13,20,38,0.329977903
228,1,13,20,44,0.334108515
229,1,13,20,50,0.33615499
230,1,13,20,56,0.347910175
231,1,13,21,2,0.341103693
232,1,13,21,8,0.342503939
233,1,13,21,14,0.34894133
234,1,13,21,20,0.394319482
235,1,13,21,26,0.340804456
236,1,13,21,32,0.441859789
237,1,13,21,38,0.348787737
238,1,13,21,44,0.399883271
239,1,13,21,50,0.347791155
240,1,13,21,56,0.267391236
241,1,13,22,2,0.32182133
242,1,13,22,8,0.336940709
243,1,13,22,14,0.333368102
244,1,13,22,20,0.34802613
245,1,13,22,26,0.522870214
246,1,13,22,32,0.366590385
247,1,13,22,38,0.339393623
248,1,13,22,44,0.359697563
249,1,13,22,50,0.342979834
250,1,13,22,56,0.443136289
251,1,13,23,2,0.335603747
252,1,13,23,8,0.338742405
253,1,13,23,14,0.32762062
254,1,13,23,20,0.334149153
255,1,13,23,26,0.355006851
256,1,13,23,32,0.335631009
257,1,13,23,38,0.332629752
258,1,13,23,44,0.334067592
259,1,13,23,50,0.32848619
260,1,13,23,56,0.32845933
